product_id,total_sales
106549.0,0.43438660404268925
106859.0,0.19623816985282802
208714.0,1.0532656749644402
262182.0,12.213113072803528
262198.0,10.100886574691653
262219.0,7.32676261455048
262231.0,8.27180639182713
262256.0,6.723590321720761
262266.0,6.686124671937539
262282.0,6.899454739559973
262299.0,5.489162768633587
262304.0,5.73345523865754
262331.0,5.162820495721599
262335.0,5.278312777401478
262352.0,5.133085969030969
262360.0,6.06733174408323
262377.0,5.031291229472282
262399.0,4.906822733169074
262408.0,4.359790961060465
262421.0,4.756591065576577
262433.0,4.557612743620757
262476.0,4.810475271199389
262491.0,4.165994120879122
262493.0,4.088896412067465
262540.0,4.212753471471338
262560.0,4.427119610250859
262591.0,3.6618415875326944
262597.0,3.5098811136167765
262602.0,3.7090764446011497
262643.0,3.636066157176159
262672.0,3.4760300054756907
262686.0,3.1748407124892672
262768.0,2.9896684570984577
262777.0,3.1515572087209325
262784.0,3.125301806974844
262795.0,2.933330945623004
262818.0,2.891084862651969
262832.0,3.102185192585192
262852.0,2.8053417209261324
262867.0,2.7356549511560844
262879.0,2.7450199207259898
262930.0,2.884697719232522
262940.0,2.7804723121224315
262955.0,2.7415754936876
262962.0,3.0013772790771305
262972.0,2.654550940879297
262977.0,2.5213008466043756
262982.0,2.9050169365764953
262993.0,2.5781786235986237
263004.0,2.5422139120601623
263033.0,2.5431558073801837
263041.0,2.534651425747455
263062.0,2.5652061585125403
263072.0,2.442370114730042
263073.0,2.4709028436037643
263095.0,2.512087780414031
263111.0,2.4847305438026033
263135.0,2.468789728819082
263148.0,2.413489505015108
263187.0,2.4496223777112984
263188.0,2.347811534299034
263194.0,2.40149659835048
263209.0,2.1914565967365967
263233.0,0.9234233210845316
263249.0,2.2299513283203725
263273.0,2.294056404779431
263277.0,2.364260458707959
263318.0,2.249637503558105
263327.0,2.178725165309837
263377.0,2.2703689418772663
263384.0,2.091575371418576
263385.0,2.2140889130906927
263396.0,2.317821528130881
263403.0,2.0329981805694306
263433.0,1.5295777601565104
263450.0,2.2497688983977837
263462.0,2.0877820893081815
263465.0,2.0630318353996415
263475.0,2.086021612358231
263479.0,1.9918017321077628
263509.0,2.0330204422697187
263525.0,1.8967009336436091
263544.0,2.0764773914896595
263578.0,1.2401745062943594
263590.0,1.885974914721894
263639.0,1.8810242995935766
263701.0,1.8180390272227769
263713.0,1.8205122021457552
263723.0,1.7682305626179857
263736.0,1.7732460380605082
263871.0,1.7375372157344202
263897.0,1.7129146793435817
263925.0,1.6485029841868655
263933.0,1.616078033471588
263944.0,1.7052852864625807
263991.0,1.6921236555354815
263993.0,1.625590217152559
263996.0,1.6409357237953148
263997.0,1.5726405968292836
264021.0,1.6624099066760025
264053.0,1.646678692377016
264074.0,1.6421256734863041
264093.0,1.6938349880619037
264112.0,1.7056703685215342
264123.0,1.6683906339977634
264131.0,1.5485298183934442
264178.0,1.5555985602155098
264192.0,1.6345503369225058
264232.0,1.5493324236874235
264246.0,1.569487106113057
264332.0,1.5565781705794208
264335.0,1.460258117412989
264345.0,1.518172273763818
264404.0,1.4413104029016233
264411.0,1.5321670136807637
264437.0,1.4741831443556443
264486.0,1.4714563640252467
264515.0,1.4900493951389746
264592.0,1.371740074079774
264602.0,1.4291454151937106
264605.0,1.4617176040970432
264622.0,1.4662064746802528
264659.0,1.4132734597467373
264685.0,1.4280471996206814
264714.0,1.3950286006722379
264718.0,1.4284386703399352
264727.0,1.382991946163553
264754.0,1.4435558608159125
264767.0,1.5435812526671817
264806.0,1.4377754952280253
264809.0,1.348921605109096
264828.0,1.342360570098239
264873.0,1.2918659863144664
264895.0,1.4152976240797415
264899.0,1.3198089315028185
264929.0,0.8638799885555456
264934.0,1.3917774448339741
264979.0,1.3307529663598323
264986.0,1.2961343726768773
264998.0,1.2616668222115868
264999.0,1.347410122096023
265022.0,1.2446970804386246
265024.0,1.2534518060166222
265043.0,1.3003966750164457
265045.0,1.2975059418910695
265055.0,1.4547888866998155
265127.0,1.1561106616740677
265128.0,1.2648888315520221
265130.0,1.2551211947988181
265159.0,1.2404200915533823
265172.0,1.3021090298280036
265177.0,1.294081291288419
265190.0,1.21443659428778
265196.0,1.2490958487828534
265233.0,1.2159812918603066
265236.0,1.2559486646630478
265238.0,1.271061793174526
265246.0,1.2271064078813922
265250.0,1.253335606706256
265266.0,1.2377281439623047
265355.0,1.2033592154144441
265369.0,1.1830546638001809
265374.0,1.1736523128926337
265375.0,1.2065432016555933
265387.0,1.1935029878339325
265391.0,1.1817561668339156
265393.0,1.2929816002199557
265408.0,1.1480110560598733
265426.0,1.2420744068431568
265450.0,1.0846636605674775
265505.0,1.151019307361669
265529.0,1.1286954391863437
265562.0,1.1299983515717549
265567.0,1.183413067496862
265575.0,1.0895436195024906
265579.0,1.0982165829244845
265591.0,1.182674065628171
265604.0,1.176743396488998
265618.0,1.1039131836932687
265640.0,1.0687338294842061
265654.0,1.1688015194207546
265663.0,1.1662362008504361
265665.0,1.0838517269425774
265674.0,1.0411004529164396
265718.0,1.1122488604613538
265720.0,1.0867565450576888
265739.0,1.0637100668579436
265767.0,1.0764660905111454
265783.0,1.0876676315740659
265799.0,1.0505745040873808
265815.0,1.1728503434607267
265819.0,1.101302687908252
265850.0,0.9666858630737584
265887.0,0.9387779078109847
265909.0,1.0109981675071626
265910.0,1.242337638188265
265912.0,1.0535724045466124
265940.0,1.06461885637978
265969.0,1.0454737054335828
265996.0,1.0346991296565373
265999.0,1.0061118081527611
266052.0,0.9448907515283368
266056.0,1.0130982001208346
266070.0,1.1624775724904388
266073.0,1.0060573986825656
266090.0,1.0202488111347423
266095.0,0.9918042235298656
266106.0,1.0814623058325348
266125.0,1.0501597451229043
266129.0,1.0082072047537478
266166.0,1.087582784534867
266169.0,0.9384037899497194
266174.0,1.0477074860596924
266190.0,0.8198811942923417
266219.0,1.0318812653888998
266302.0,0.8952671969758529
266305.0,0.991550646750094
266317.0,0.9716926229416012
266344.0,0.9594763234489682
266373.0,0.9820677513898072
266401.0,0.9975795059928032
266405.0,0.9637096120743347
266416.0,0.943280451941578
266424.0,0.958825889322027
266449.0,0.9344228826977786
266451.0,0.9065858199154071
266458.0,0.9840086772659841
266491.0,0.9156086612507935
266499.0,0.9614047814386114
266511.0,0.9790274064257035
266547.0,0.9910743619408561
266574.0,0.9830120098928419
266587.0,0.9186279971630996
266625.0,0.914836261735733
266735.0,0.8809176178572312
266746.0,0.8842515899568102
266751.0,0.8303095128916026
266786.0,0.8514430736318781
266787.0,0.8923057051053199
266866.0,0.8831580605495764
266879.0,0.8234922758994802
266891.0,0.8849019824876531
266892.0,0.9046936417964393
266946.0,0.766411978138789
266950.0,0.8276724285098647
266981.0,0.8683676459286442
266988.0,0.8471640114370181
267011.0,0.8039646943082289
267022.0,0.8987918288032115
267038.0,0.8754102793045933
267068.0,0.7808383022454494
267107.0,0.8768276584526585
267129.0,0.8210659166925829
267182.0,0.852670993135348
267183.0,0.8533012132580763
267195.0,0.8138736485730823
267224.0,0.8204045598340699
267229.0,0.8231248079408704
267233.0,0.7852371843154122
267248.0,0.8020400857804575
267252.0,0.8073193337656045
267257.0,0.8070029167369717
267275.0,0.8069721789672508
267294.0,0.8270480293536854
267307.0,0.8212568972634224
267393.0,0.8096177759494981
267396.0,0.6879123435934185
267419.0,0.8021287355756722
267451.0,0.8121063495021229
267454.0,0.7854518968398482
267477.0,0.7525107678470401
267518.0,0.8010074424014085
267527.0,0.6906680793253992
267556.0,0.7702995558742533
267567.0,0.8085218230804524
267599.0,0.7415604856774947
267625.0,0.7633119161955308
267631.0,0.7664314093401643
267644.0,0.760189870709234
267647.0,0.7236136817846912
267657.0,0.7318353968686191
267687.0,0.8185417333426909
267696.0,0.7876111458820642
267768.0,0.7420272712322721
267776.0,0.840155127837873
267797.0,0.7409048862634993
267807.0,0.7591179560474822
267829.0,0.6834032280212375
267856.0,0.7371569217331985
267878.0,0.7151722493966062
267896.0,0.7339954437035777
267942.0,0.7387948613390067
267952.0,0.7425799010979816
267973.0,0.7544133651490624
267977.0,0.7644722557704081
267999.0,0.7488446067420227
268023.0,0.7413949097288511
268050.0,0.7534880533351668
268057.0,0.701076897178936
268082.0,0.6999631135150467
268119.0,0.7189296525758183
268126.0,0.6972408683822873
268140.0,0.7017461740898006
268147.0,0.7197334340774869
268157.0,0.6830656111132227
268170.0,0.6811444748865223
268184.0,0.6830656111132227
268187.0,0.7096720945772921
268204.0,0.7417143100953894
268212.0,0.7423038903138565
268230.0,0.7032917225252597
268244.0,0.7223145781811052
268265.0,0.6905288311268056
268272.0,0.7486898535215118
268276.0,0.6916198820185455
268280.0,0.6983224396872394
268333.0,0.7344605233836632
268340.0,0.7157540485795657
268367.0,0.6968551022934504
268377.0,0.7216324693102834
268392.0,0.6825973705433498
268446.0,0.5583603547441549
268451.0,0.7004755321527456
268452.0,0.6676302015887572
268530.0,0.7708775221698768
268531.0,0.7017980023052083
268535.0,0.6913269885231724
268542.0,0.6938721988194123
268551.0,0.6483292540056168
268602.0,0.6923971988194123
268615.0,0.6617481883220678
268616.0,0.7169065202565958
268643.0,0.6281520052792281
268653.0,0.6633097172181144
268671.0,0.6602142998119248
268714.0,0.6607039354485046
268716.0,0.6909208568280703
268726.0,0.6941559792198306
268733.0,0.6144474871412906
268747.0,0.6499590526885481
268767.0,0.5463510855487033
268770.0,0.6602597046792738
268774.0,0.6736826569459446
268778.0,0.6813774607515515
268786.0,0.5971342905079858
268790.0,0.6586967087755105
268810.0,0.6166796181355823
268839.0,0.6509339592614414
268840.0,0.6671665593644418
268876.0,0.6654404523142834
268878.0,0.6320889148647995
268891.0,0.6485816203269814
268894.0,0.5564368212544031
268899.0,0.6294974286294723
268902.0,0.6686728427528992
268918.0,0.6472644366361808
268923.0,0.6485596050919866
268925.0,0.680468141533713
268937.0,0.6434709422190289
268960.0,0.6746681568815325
268964.0,0.6105551552420747
268981.0,0.6485596050919866
269052.0,0.6575642417601317
269067.0,0.6232612599407706
269072.0,0.6133436653439802
269159.0,0.6053877467931039
269160.0,0.6217801612912646
269162.0,0.7109782259523426
269169.0,0.6166542122285688
269170.0,0.5958723031984275
269178.0,0.6203664806208345
269180.0,0.619901255468614
269216.0,0.599020405932476
269227.0,0.6138931225167057
269258.0,0.6226686475830668
269266.0,0.6166642071375302
269269.0,0.6129686847791143
269296.0,0.6226686475830668
269307.0,0.614139478444371
269335.0,0.5960591584880529
269348.0,0.6053620832208231
269350.0,0.6027135256824152
269357.0,0.5708271390247867
269446.0,0.632403370984703
269455.0,0.6395620914104514
269461.0,0.5953691680559973
269477.0,0.5999693296546446
269480.0,0.734824586044891
269518.0,0.7096278515705109
269530.0,0.5828263847836057
269559.0,0.5828263847836057
269587.0,0.4915508289886067
269612.0,0.590957625085042
269623.0,0.5501097530337126
269627.0,0.5128394679309732
269640.0,0.5788372285241491
269663.0,0.5915677051588861
269708.0,0.5584885202137897
269731.0,0.5828263847836057
269746.0,0.5866752329559174
269790.0,0.5727318367645666
269804.0,0.48706129262155895
269809.0,0.6000613999798392
269863.0,0.5616486722606028
269886.0,0.5459475067085579
269903.0,0.496109683655218
269930.0,0.5753396708174622
269934.0,0.5759680299165983
269953.0,0.5616653164017535
269989.0,0.5490569885746693
269998.0,0.5510845281290315
270002.0,0.5481971722818505
270041.0,0.5114976385304698
270045.0,0.5114976385304698
270047.0,0.520812422642697
270058.0,0.49248018433035023
270075.0,0.4388128480459927
270092.0,0.5569136172012069
270097.0,0.5764649072547681
270102.0,0.5375988016612229
270110.0,0.42220905412481985
270165.0,0.5616653164017535
270182.0,0.5780613358261967
270185.0,0.5702676248944688
270207.0,0.5154541591414843
270294.0,0.5248818012281496
270298.0,0.584738644308009
270386.0,0.4962843765038483
270404.0,0.5460223979212347
270437.0,0.5380017167767186
270491.0,0.5248818012281496
270534.0,0.4530376845380364
270538.0,0.5306576977281242
270609.0,0.5342150588957828
270679.0,0.5228394542664937
270687.0,0.5243005653776048
270711.0,0.47258526254914507
270725.0,0.4861399646501328
270733.0,0.5170645417937422
270735.0,0.5358260387129572
270760.0,0.5243005653776048
270824.0,0.5130182309174169
270828.0,0.502893665020448
270843.0,0.4743295456738692
270863.0,0.506914571932217
270932.0,0.46434570750836734
270947.0,0.49751670052217706
270948.0,0.5060533081959533
270952.0,0.5060533081959533
270954.0,0.4661973848889136
270956.0,0.48341582607893024
270985.0,0.5204156129689026
271011.0,0.4874924674151084
271029.0,0.5098978218492034
271043.0,0.5135248150667836
271066.0,0.5111935550049366
271075.0,0.47542220138454405
271090.0,0.4971339732494498
271097.0,0.5105564845442194
271099.0,0.5158482802298923
271100.0,0.5125287283944111
271135.0,0.5276731467109472
271140.0,0.46714316558035257
271151.0,0.4943175961929667
271162.0,0.4975073689089355
271167.0,0.500818292151789
271185.0,0.4650132870035595
271190.0,0.500818292151789
271216.0,0.48840947315686817
271234.0,0.5329453246828421
271235.0,0.48536351568770575
271298.0,0.5053392183968635
271313.0,0.5184307543460567
271317.0,0.4996782921517889
271349.0,0.49859777671439565
271389.0,0.4617745587889417
271406.0,0.4831655404262662
271414.0,0.47400681877149103
271428.0,0.4657714657206759
271433.0,0.4713428816111799
271508.0,0.4666358250969318
271529.0,0.53481315549864
271541.0,0.4218983834028982
271550.0,0.47626470395078685
271568.0,0.4831655404262662
271571.0,0.47923707893502054
271578.0,0.47564771640603387
271602.0,0.4300183992490729
271611.0,0.46802889874134435
271616.0,0.4831655404262662
271617.0,0.5042826298014745
271626.0,0.4831655404262662
271686.0,0.47289935349137835
271720.0,0.44743593610912014
271780.0,0.4650753537950451
271792.0,0.4435668469616377
271825.0,0.46484744722712956
271827.0,0.4853420239532863
271833.0,0.40089016469730315
271839.0,0.40628839312793935
271840.0,0.4432463525709125
271859.0,0.4429870857608381
271918.0,0.4697362206439671
271969.0,0.4505764653064645
271970.0,0.4462681119113028
271996.0,0.4663499786140163
272022.0,0.44349104122830935
272076.0,0.4171587506241228
272118.0,0.43748163079355096
272119.0,0.43850836177828995
272142.0,0.4392887435758021
272187.0,0.46823911117211914
272195.0,0.44992081152191105
272216.0,0.4441013493895138
272238.0,0.43511535857292427
272251.0,0.4564901995620824
272257.0,0.43511535857292427
272306.0,0.44260510919087553
272316.0,0.4427231333564847
272329.0,0.4471013672927462
272336.0,0.45667176507250606
272349.0,0.45012367625096444
272381.0,0.4685513046492268
272399.0,0.4340122642870013
272413.0,0.4493897983924861
272443.0,0.4604991793023025
272462.0,0.42529163925028685
272469.0,0.42205557451592157
272472.0,0.4470831518635444
272489.0,0.39274596375082443
272496.0,0.406286988960516
272509.0,0.4453232217495016
272529.0,0.4243774137497599
272596.0,0.4286241886791089
272643.0,0.4246886851226818
272651.0,0.37084081923991724
272652.0,0.4338034601245503
272685.0,0.4548267343883976
272687.0,0.3824065924051483
272692.0,0.4235758346019707
272697.0,0.38013697106790945
272736.0,0.4297101358166028
272791.0,0.44437962983722024
272805.0,0.4515803248518557
272822.0,0.40830266852423436
272841.0,0.4152547424002154
272857.0,0.398654478450871
272859.0,0.44941329174910377
272880.0,0.40210483029660016
272882.0,0.41277864620372773
272894.0,0.5469791203300861
272903.0,0.36265548159699884
272909.0,0.43147824621245995
272922.0,0.41474776653063555
272923.0,0.4133678902082959
272949.0,0.445135925837997
272986.0,0.41352357662818984
273008.0,0.3932089755145504
273027.0,0.41283862128567017
273054.0,0.41054717609519026
273073.0,0.39512810141788035
273074.0,0.4413626719128927
273080.0,0.430458908356875
273125.0,0.400061397402426
273177.0,0.402663406825885
273205.0,0.40535678953922605
273277.0,0.46569333468707264
273311.0,0.439222598272826
273329.0,0.39621649269649084
273334.0,0.3802151397437807
273348.0,0.4005042331880201
273387.0,0.38278010866323486
273403.0,0.3927176891217321
273409.0,0.36753417119374293
273411.0,0.43935903274230187
273414.0,0.40622058736711425
273416.0,0.4384447700260266
273488.0,0.4003961337576527
273506.0,0.3968220149238148
273522.0,0.43355924509712224
273532.0,0.3735005289689361
273549.0,0.38278010866323486
273579.0,0.3917686693077591
273615.0,0.37833894925991757
273625.0,0.3364919834730911
273627.0,0.3148219294928704
273651.0,0.38838355390187596
273669.0,0.47324368343678713
273688.0,0.38289185341312665
273697.0,0.3766263267829222
273703.0,0.39653160525422027
273707.0,0.4353586701893854
273728.0,0.39653160525422027
273734.0,0.32216420241220844
273776.0,0.38228963295934654
273795.0,0.3813433118891124
273798.0,0.3671029833903889
273888.0,0.3631718463264893
273893.0,0.3765228101568669
273895.0,0.372029333937609
273917.0,0.3797487006400251
273921.0,0.4342591392709024
273937.0,0.3673442818204304
273949.0,0.3677051095794859
274039.0,0.38343613384418773
274045.0,0.3631718463264893
274060.0,0.3608712106341894
274083.0,0.3666018575780061
274154.0,0.3517571857448927
274166.0,0.3666309024463496
274181.0,0.3814359264438629
274212.0,0.37507238512106944
274284.0,0.37604084118336517
274293.0,0.3360828380788664
274311.0,0.3551553177252699
274328.0,0.3518684535431753
274336.0,0.36247974183551857
274352.0,0.3506931735237862
274354.0,0.36738086486486055
274359.0,0.3081730065956478
274369.0,0.3423538891080755
274371.0,0.36037586204196914
274380.0,0.3074923295123462
274446.0,0.38377087019941436
274453.0,0.3603274493435564
274457.0,0.3451793517356832
274458.0,0.3570741324377604
274464.0,0.35685890295646383
274492.0,0.3549838891538413
274510.0,0.30623002327756427
274541.0,0.3542714425556457
274561.0,0.3185213501000265
274575.0,0.3626270700066028
274588.0,0.3526208444361202
274592.0,0.3626270700066028
274606.0,0.32926674503709236
274624.0,0.32676471254553313
274642.0,0.22853238921709706
274648.0,0.32938344974930983
274656.0,0.32566645054648236
274682.0,0.33114474967725016
274703.0,0.324841683794998
274710.0,0.33121845247691395
274745.0,0.3587589035284537
274746.0,0.4387159129799069
274776.0,0.3456043517356831
274805.0,0.3607546950933769
274808.0,0.33567033002555996
274821.0,0.23358754999840461
274823.0,0.3346412960622227
274829.0,0.35388409653125913
274830.0,0.3214566474258003
274850.0,0.33567033002555996
274859.0,0.30057009339653434
274861.0,0.3354087287652787
274894.0,0.32713466242622935
274899.0,0.36146839909424955
274942.0,0.3276274714149934
274944.0,0.32329755801337223
274969.0,0.2868480852551387
274981.0,0.2898683548203664
274985.0,0.28868214186963703
274991.0,0.32242931762161686
275006.0,0.329079380403811
275012.0,0.332601577814566
275035.0,0.44220480384513694
275078.0,0.32271565325146745
275101.0,0.36722280301254817
275121.0,0.3336162706069478
275129.0,0.3311882099396648
275149.0,0.31505093426028685
275165.0,0.3334662533692835
275183.0,0.2932761424174935
275193.0,0.314378753435647
275194.0,0.32487811152258134
275196.0,0.3346473644803946
275207.0,0.32525199419036604
275210.0,0.3334662533692835
275225.0,0.35718763439853396
275254.0,0.35503991897728904
275258.0,0.3679987460376777
275277.0,0.2994224401891016
275282.0,0.3668871619869072
275291.0,0.4353586701893854
275293.0,0.32677451762570464
275295.0,0.3341361880098064
275302.0,0.3195499945403506
275313.0,0.2963820852794841
275318.0,0.3445684803230975
275320.0,0.3341361880098064
275321.0,0.32487811152258134
275324.0,0.24964809822451486
275325.0,0.325285907003626
275363.0,0.3137509756578692
275369.0,0.3332106978137279
275380.0,0.3000153238799133
275386.0,0.3388905947417989
275387.0,0.29267837005374303
275388.0,0.32713466242622935
275405.0,0.3066250643585309
275410.0,0.3251304078931652
275413.0,0.29654874920646934
275469.0,0.3110286547086318
275472.0,0.2940618626121669
275511.0,0.3187811300714861
275516.0,0.30904933218103225
275541.0,0.3101231170329406
275556.0,0.3101231170329406
275564.0,0.3646666127983847
275572.0,0.35925319352648577
275588.0,0.46624842712855047
275599.0,0.4163335759332974
275604.0,0.3187811300714861
275628.0,0.3237759398099639
275634.0,0.31865970150005757
275687.0,0.30709927672553905
275725.0,0.2890322596528637
275746.0,0.3187811300714861
275748.0,0.3101231170329406
275767.0,0.2984221333802962
275768.0,0.3081001691536844
275771.0,0.3081001691536844
275907.0,0.3109979812568354
275915.0,0.29842482747153887
275926.0,0.29225079637104395
275932.0,0.29225079637104395
275946.0,0.31177175309630556
275996.0,0.2941433318658049
276050.0,0.2971100947203715
276076.0,0.2952234757922057
276091.0,0.31708667253985273
276095.0,0.2974184464805131
276104.0,0.2078263382193089
276148.0,0.26755783255082993
276168.0,0.2974184464805131
276173.0,0.2924266889144832
276221.0,0.2957365407069269
276225.0,0.28588708974573473
276251.0,0.2839928670280287
276282.0,0.2839928670280287
276298.0,0.2847468475128687
276322.0,0.3185701546861629
276324.0,0.30185312379342827
276336.0,0.35330102631896454
276363.0,0.24932573183102613
276375.0,0.2906033347560593
276376.0,0.258407568135501
276389.0,0.29055830360309876
276404.0,0.27116722152733297
276405.0,0.2974184464805131
276426.0,0.25941093777038676
276459.0,0.2941994712977511
276501.0,0.19683123269409594
276507.0,0.2974184464805131
276509.0,0.27996973376439177
276519.0,0.2723238537081663
276524.0,0.2941994712977511
276565.0,0.28585756455415773
276602.0,0.299909368692867
276621.0,0.2907790472266554
276645.0,0.2555725110285875
276703.0,0.2991289890781429
276726.0,0.2879371891058422
276743.0,0.26425525002546146
276750.0,0.34445859741892326
276756.0,0.2725350847427011
276779.0,0.2974184464805131
276792.0,0.36455862551556284
276878.0,0.27116722152733297
276893.0,0.24803117461012192
276912.0,0.2764215463319543
276917.0,0.27837934186106367
276950.0,0.2820801662798854
277042.0,0.28297219337349094
277059.0,0.27952339157204376
277071.0,0.27952339157204376
277091.0,0.27503069486677295
277117.0,0.27952339157204376
277118.0,0.27952339157204376
277139.0,0.2580996666983305
277164.0,0.27503069486677295
277169.0,0.2708135673175231
277171.0,0.3332754128709209
277175.0,0.26411969056611634
277176.0,0.27952339157204376
277180.0,0.2725350847427011
277186.0,0.32167571499239594
277193.0,0.2718577280262424
277241.0,0.2612627193116324
277247.0,0.26605758445251937
277248.0,0.2612627193116324
277297.0,0.275985551188612
277306.0,0.2820801662798854
277375.0,0.27437334660974444
277390.0,0.19529607418340245
277395.0,0.25471090067147234
277398.0,0.2579053669763727
277412.0,0.26411969056611634
277452.0,0.2531779674992826
277506.0,0.27503069486677295
277548.0,0.2576602911859197
277587.0,0.27437334660974444
277597.0,0.274678194866773
277602.0,0.2013178052178932
277607.0,0.25810596478942466
277619.0,0.2638479064796756
277684.0,0.258168682193764
277687.0,0.2709079566009478
277698.0,0.23970127257528276
277736.0,0.25175255896359294
277766.0,0.23813656370992523
277789.0,0.2698547366929091
277828.0,0.3210595786952484
277832.0,0.2382784938163006
277835.0,0.1446915311485691
277844.0,0.274678194866773
277866.0,0.22600618213312906
277908.0,0.2579053669763727
277911.0,0.22842591540608567
277918.0,0.19981525971609357
277946.0,0.21936156121337713
277973.0,0.3321152397461729
277985.0,0.2713322142667013
278001.0,0.25086130042138066
278003.0,0.25990293426158523
278054.0,0.26926169281248685
278066.0,0.31890140943638196
278071.0,0.3220536734852373
278075.0,0.24435859273487812
278076.0,0.25179110182764086
278104.0,0.22767947206962078
278137.0,0.22767947206962078
278149.0,0.26635951179910267
278168.0,0.26635951179910267
278181.0,0.2276139718952316
278183.0,0.25179110182764086
278213.0,0.2319593786917956
278250.0,0.2579053669763727
278267.0,0.20854340214486158
278270.0,0.23344167694082066
278274.0,0.22767947206962078
278296.0,0.24716995112160248
278306.0,0.2522927360643365
278331.0,0.24241077234915767
278343.0,0.2255583076936672
278353.0,0.2439646862736922
278356.0,0.2382784938163006
278427.0,0.2579053669763727
278445.0,0.2534558043322381
278446.0,0.2430464658433058
278474.0,0.2539207440912742
278484.0,0.2579053669763727
278494.0,0.2255583076936672
278527.0,0.2568104541903225
278568.0,0.24337383337658935
278570.0,0.2255583076936672
278589.0,0.19375340952586495
278595.0,0.2255583076936672
278608.0,0.21231783370496143
278616.0,0.2150357990877777
278696.0,0.25477204834083983
278698.0,0.2255583076936672
278742.0,0.2385418090336919
278764.0,0.2417352822084788
278805.0,0.22397843677850862
278807.0,0.20347627980920616
278830.0,0.24346860570764986
278841.0,0.24576232799403205
278848.0,0.21221786398496142
278851.0,0.22397843677850862
278864.0,0.2150357990877777
278872.0,0.22256184363051626
278873.0,0.24346860570764986
278884.0,0.2368839722534723
278893.0,0.23191105565475778
278901.0,0.2534558043322381
278936.0,0.24346860570764986
278954.0,0.23191105565475778
278969.0,0.23913564622107775
278986.0,0.2150357990877777
278996.0,0.2637029212008628
279002.0,0.21394977769527274
279012.0,0.22397843677850862
279019.0,0.23855700835774848
279022.0,0.24346860570764986
279028.0,0.23191105565475778
279046.0,0.20593613644762598
279054.0,0.2579053669763727
279062.0,0.22397843677850862
279065.0,0.2297897856154937
279087.0,0.23797126761700774
279096.0,0.21221786398496142
279138.0,0.21915850287357874
279172.0,0.2150357990877777
279208.0,0.2560409535334951
279214.0,0.19668806588345963
279238.0,0.23601578749418844
279275.0,0.1809154400899101
279286.0,0.23827920014106113
279322.0,0.24346860570764986
279352.0,0.2300173945109943
279381.0,0.2300173945109943
279383.0,0.23407594737600337
279397.0,0.22486149382758508
279398.0,0.24346860570764986
279403.0,0.17003010810155203
279439.0,0.207343110123835
279486.0,0.21027158457686293
279500.0,0.20697568588141077
279503.0,0.19962677841207235
279508.0,0.22382458833056668
279517.0,0.22382458833056668
279559.0,0.22458876655485782
279567.0,0.23478378451952986
279586.0,0.20290526191543176
279596.0,0.20584400094066743
279608.0,0.23032650646024738
279611.0,0.24346860570764986
279627.0,0.24346860570764986
279653.0,0.1934073152105627
279675.0,0.2203541394197263
279700.0,0.2302807097283856
279718.0,0.21572058424793755
279752.0,0.21990323630385486
279806.0,0.1916664732442417
279810.0,0.22991366527222673
279812.0,0.1996886590567334
279819.0,0.2025382174592729
279828.0,0.22001406963718817
279830.0,0.22974670340369027
279838.0,0.19068816387745585
279852.0,0.19498394776704359
279858.0,0.207343110123835
279859.0,0.22974670340369027
279883.0,0.2054769564845086
279932.0,0.1996886590567334
279936.0,0.2315440111985989
279952.0,0.18355819204773624
279967.0,0.21297053479569533
279973.0,0.22139275929768737
280020.0,0.22965035005483542
280042.0,0.21696135231966468
280073.0,0.22001406963718817
280074.0,0.22001406963718817
280080.0,0.2174337513095637
280084.0,0.1658006975316795
280096.0,0.21696135231966468
280131.0,0.22937059099151227
280146.0,0.2002582568252684
280151.0,0.18820427320724056
280160.0,0.16760381554811482
280161.0,0.21221209461586496
280166.0,0.20016678530575954
280177.0,0.1996886590567334
280220.0,0.22937059099151227
280231.0,0.20016678530575954
280263.0,0.18155759470436153
280296.0,0.19026024898066066
280319.0,0.19026024898066066
280323.0,0.14633926784773973
280324.0,0.2370713108537897
280339.0,0.19996081966210183
280399.0,0.18499900949600628
280418.0,0.19888815233206042
280421.0,0.19423080577226198
280427.0,0.1282071328530402
280433.0,0.19843724921618894
280438.0,0.28926454985851113
280466.0,0.19843724921618894
280482.0,0.16333806505601672
280484.0,0.19026024898066066
280501.0,0.18014672650739227
280529.0,0.21696135231966468
280561.0,0.21696135231966468
280564.0,0.16819084383224067
280577.0,0.1996886590567334
280587.0,0.2738429707444148
280626.0,0.1453833481638151
280634.0,0.1757430099291336
280645.0,0.18925255078828865
280685.0,0.1665151516922499
280728.0,0.19313090307412684
280753.0,0.1904053441176848
280791.0,0.13678963073372175
280794.0,0.18106430668490972
280803.0,0.198700982293336
280843.0,0.17268215714337973
280882.0,0.1665151516922499
280889.0,0.19291528258350632
280919.0,0.25852311608748324
280926.0,0.17451488469738838
280957.0,0.17268215714337973
280968.0,0.18845796784526792
280981.0,0.15926237758126752
280988.0,0.17268215714337973
280990.0,0.19347269335153292
280992.0,0.271124976439452
281000.0,0.1606359978206841
281014.0,0.21190819520901255
281032.0,0.12935229919251137
281038.0,0.17353747066965233
281039.0,0.2232494552785077
281057.0,0.17268215714337973
281062.0,0.191317797397173
281094.0,0.15926237758126752
281144.0,0.17268215714337973
281172.0,0.1665151516922499
281181.0,0.2102036740175622
281189.0,0.20514010592520715
281196.0,0.1905428678197082
281272.0,0.219992890706692
281274.0,0.25614140376599387
281291.0,0.18976696096120885
281330.0,0.1905428678197082
281393.0,0.18419841935445974
281406.0,0.19839288044148412
281429.0,0.17374640689718238
281440.0,0.16771364455471813
281446.0,0.18964774735242407
281483.0,0.15864393328778925
281504.0,0.1665151516922499
281512.0,0.17059040990171848
281522.0,0.18106430668490972
281532.0,0.21149196201291842
281568.0,0.18803292935388666
281605.0,0.17059040990171848
281607.0,0.15553353850548618
281612.0,0.18803292935388666
281613.0,0.19839288044148412
281644.0,0.17374640689718238
281652.0,0.18803292935388666
281656.0,0.18803292935388666
281662.0,0.14341364117517283
281676.0,0.1665151516922499
281679.0,0.15839386493508933
281691.0,0.17059040990171848
281693.0,0.19839288044148412
281723.0,0.11767010583835942
281731.0,0.18106430668490972
281736.0,0.19276236927745882
281754.0,0.128745516616704
281781.0,0.17181364449720157
281789.0,0.1774538214765149
281792.0,0.18803292935388666
281793.0,0.17181364449720157
281807.0,0.2622547161247486
281808.0,0.17138685683839938
281822.0,0.18106430668490972
281874.0,0.1661662339433322
281882.0,0.09912415243372831
281897.0,0.1635571335134749
281924.0,0.1827304124380257
281948.0,0.1293237731808293
281973.0,0.1729142041888561
282038.0,0.22125815366619178
282046.0,0.10476780524701432
282047.0,0.17059040990171848
282051.0,0.0934247195639566
282075.0,0.09299317290537079
282132.0,0.17573234251783915
282153.0,0.1670486445547181
282170.0,0.1661662339433322
282177.0,0.10628469130558534
282198.0,0.1856834168313056
282203.0,0.17059040990171848
282221.0,0.156455886475356
282235.0,0.16521284408469017
282248.0,0.10628469130558534
282255.0,0.17138685683839938
282263.0,0.17138685683839938
282267.0,0.1922682751833647
282268.0,0.1679870492002417
282272.0,0.1661662339433322
282277.0,0.19682876731721113
282293.0,0.16629006187755274
282294.0,0.17059040990171848
282308.0,0.1922682751833647
282320.0,0.17466824974764295
282327.0,0.15294048454186454
282335.0,0.24470514987493877
282385.0,0.21405904560922928
282386.0,0.16629006187755274
282394.0,0.17952179108189661
282414.0,0.16629006187755274
282426.0,0.1679870492002417
282434.0,0.12741806229123515
282447.0,0.22125815366619178
282475.0,0.1816118135192457
282482.0,0.13059816871961172
282532.0,0.1246631069648254
282572.0,0.15294048454186454
282591.0,0.14815226968876913
282600.0,0.16776744622257422
282605.0,0.17169611785151745
282615.0,0.19137932972861305
282631.0,0.15294048454186454
282642.0,0.20422870005282712
282690.0,0.17121331904098216
282794.0,0.16213355083630954
282812.0,0.17121331904098216
282848.0,0.16213355083630954
282898.0,0.1038677349796272
282909.0,0.1038677349796272
282923.0,0.10517173192324793
282939.0,0.18127181700977793
282979.0,0.15294048454186454
282992.0,0.14557608959444931
283045.0,0.14815226968876913
283068.0,0.15294048454186454
283081.0,0.20236678785718318
283094.0,0.0965393225614309
283097.0,0.16213355083630954
283118.0,0.1038677349796272
283138.0,0.105633541669332
283159.0,0.18127181700977793
283163.0,0.16706845693584849
283201.0,0.14815226968876913
283208.0,0.11285710364097336
283245.0,0.1038677349796272
283247.0,0.12805047495594107
283256.0,0.1246631069648254
283258.0,0.14418007319790804
283267.0,0.17105044025310337
283293.0,0.12504536240451633
283307.0,0.12805047495594107
283390.0,0.14705923938573887
283401.0,0.17105044025310337
283453.0,0.10517173192324793
283455.0,0.1246631069648254
283465.0,0.1246631069648254
283511.0,0.17105044025310337
283535.0,0.17105044025310337
283557.0,0.14705923938573887
283576.0,0.14705923938573887
283626.0,0.12444334499160598
283667.0,0.1565256643816545
283668.0,0.17105044025310337
283679.0,0.1246631069648254
283708.0,0.1246631069648254
283719.0,0.14705923938573887
283731.0,0.1038677349796272
283734.0,0.10517173192324793
283827.0,0.17291007885180604
283833.0,0.13430956441571917
283835.0,0.16657026679265832
283843.0,0.13430956441571917
283868.0,0.12504536240451633
283874.0,0.13157451729369044
283937.0,0.14156202819497718
283940.0,0.1653210093147832
283950.0,0.12465362418510631
283951.0,0.1633307300999392
283966.0,0.12142357027210632
283981.0,0.098075578810606
283988.0,0.09746735701306736
284023.0,0.09746735701306736
284027.0,0.13462666339768758
284050.0,0.12087204331761349
284051.0,0.16299896511866577
284053.0,0.14156202819497718
284101.0,0.20243080409176437
284168.0,0.12109180529083291
284202.0,0.0693453732319884
284207.0,0.14156202819497718
284215.0,0.12272626272142453
284259.0,0.12109180529083291
284286.0,0.18731420436866386
284322.0,0.14439773139754905
284343.0,0.12292537273570633
284426.0,0.10805256572205384
284449.0,0.14439773139754905
284475.0,0.12109180529083291
284480.0,0.16800933066132268
284492.0,0.14439773139754905
284500.0,0.10788776572205384
284561.0,0.10008309997230132
284575.0,0.14156202819497718
284588.0,0.10917527381619851
284595.0,0.1524843045676905
284602.0,0.11089443042649139
284604.0,0.20243080409176437
284622.0,0.12264344772939902
284681.0,0.16266051504415013
284683.0,0.14156202819497718
284718.0,0.14439773139754905
284767.0,0.09602076116260994
284777.0,0.12121023607310505
284783.0,0.11936875262411024
284791.0,0.0983600473055787
284804.0,0.09602076116260994
284821.0,0.11914899065089082
284828.0,0.13925317049438907
284834.0,0.14439773139754905
284884.0,0.11936875262411024
284887.0,0.11936875262411024
284901.0,0.16817413066132267
284914.0,0.11936875262411024
284918.0,0.12292537273570633
284939.0,0.10522526305121417
284943.0,0.09218284463252475
284954.0,0.13122627196406922
284969.0,0.13122627196406922
284972.0,0.13122627196406922
284977.0,0.13122627196406922
284990.0,0.14439773139754905
284991.0,0.12320724617979392
285004.0,0.12121023607310505
285026.0,0.13122627196406922
285045.0,0.14861252819533624
285046.0,0.07341916437618756
285054.0,0.11936875262411024
285098.0,0.11914899065089082
285099.0,0.11936875262411024
285101.0,0.09602076116260994
285123.0,0.11914899065089082
285142.0,0.0983600473055787
285160.0,0.11936875262411024
285184.0,0.12022391167804251
285217.0,0.11936875262411024
285225.0,0.11914899065089082
285227.0,0.13108957001724397
285228.0,0.17677519670301392
285285.0,0.14861252819533624
285293.0,0.13122627196406922
285309.0,0.13925317049438907
285326.0,0.1314419582034536
285378.0,0.09602076116260994
285409.0,0.09602076116260994
285472.0,0.11936875262411024
285501.0,0.12292537273570633
285517.0,0.13925317049438907
285541.0,0.09602076116260994
285574.0,0.13122627196406922
285576.0,0.0983600473055787
285586.0,0.11914899065089082
285606.0,0.13122627196406922
285626.0,0.0983600473055787
285641.0,0.13122627196406922
285648.0,0.11936875262411024
285657.0,0.12112742108107953
285707.0,0.09763090782981182
285734.0,0.2254978274280128
285745.0,0.12271423444306304
285751.0,0.12271423444306304
285770.0,0.10155460003212495
285898.0,0.11863961314834338
285910.0,0.11863961314834338
285915.0,0.13925317049438907
285926.0,0.11863961314834338
285930.0,0.11841985117512395
285935.0,0.11863961314834338
285967.0,0.11863961314834338
285979.0,0.12271423444306304
286020.0,0.11841985117512395
286035.0,0.12271423444306304
286040.0,0.13925317049438907
286042.0,0.11841985117512395
286056.0,0.09892344528777272
286072.0,0.12271423444306304
286098.0,0.0685177567540905
286110.0,0.13925317049438907
286114.0,0.10155460003212495
286133.0,0.12058905915019417
286139.0,0.12271423444306304
286141.0,0.10155460003212495
286144.0,0.11841985117512395
286185.0,0.12271423444306304
286206.0,0.12058905915019417
286216.0,0.12271423444306304
286218.0,0.12271423444306304
286256.0,0.12271423444306304
286258.0,0.13925317049438907
286278.0,0.10155460003212495
286291.0,0.11863961314834338
286293.0,0.11863961314834338
286339.0,0.11863961314834338
286342.0,0.11841985117512395
286351.0,0.11841985117512395
286354.0,0.13925317049438907
286368.0,0.11841985117512395
286402.0,0.12271423444306304
286478.0,0.12271423444306304
286516.0,0.14841979220713566
286518.0,0.12271423444306304
286527.0,0.11656414217347612
286528.0,0.11841985117512395
286550.0,0.11841985117512395
286571.0,0.09763090782981182
286589.0,0.09465630293027932
286607.0,0.110257659245437
286659.0,0.11863961314834338
286668.0,0.11841985117512395
286687.0,0.10392629470405364
286806.0,0.20348874269972625
286833.0,0.09164406772872953
286836.0,0.11363411636540027
286845.0,0.0985423648305751
286846.0,0.11540761597357412
286854.0,0.1164813271814506
286869.0,0.11656414217347612
286901.0,0.11540761597357412
286955.0,0.11223012556738957
286963.0,0.11331390730616682
286964.0,0.06867038810536032
286975.0,0.09164406772872953
286983.0,0.09164406772872953
286986.0,0.0985423648305751
286988.0,0.0985423648305751
287031.0,0.11331390730616682
287037.0,0.11331390730616682
287061.0,0.0985423648305751
287063.0,0.0985423648305751
287094.0,0.11656414217347612
287116.0,0.1856713333504662
287129.0,0.11540761597357412
287130.0,0.11562737794679354
287165.0,0.11223012556738957
287220.0,0.11656414217347612
287232.0,0.11223012556738957
287239.0,0.09164406772872953
287272.0,0.0985423648305751
287283.0,0.11540761597357412
287284.0,0.11562737794679354
287311.0,0.11223012556738957
287316.0,0.11540761597357412
287381.0,0.11656414217347612
287388.0,0.11331390730616682
287396.0,0.11331390730616682
287401.0,0.13684705692676336
287435.0,0.11331390730616682
287442.0,0.11222503702078247
287450.0,0.11562737794679354
287460.0,0.11562737794679354
287461.0,0.11331390730616682
287482.0,0.11331390730616682
287546.0,0.11331390730616682
287550.0,0.11331390730616682
287553.0,0.11562737794679354
287583.0,0.09164406772872953
287646.0,0.11656414217347612
287650.0,0.12578774004428714
287669.0,0.1382677870456046
287677.0,0.0985423648305751
287697.0,0.11331390730616682
287729.0,0.11331390730616682
287741.0,0.11540761597357412
287750.0,0.115376779695528
287755.0,0.09073109965860407
287771.0,0.11331390730616682
287791.0,0.10760002815240215
287805.0,0.10102865510502568
287834.0,0.11641104482834336
287837.0,0.10102865510502568
287871.0,0.10102865510502568
287891.0,0.10102865510502568
287904.0,0.09021794738073032
287922.0,0.10714009131029689
287925.0,0.1139814956255749
287954.0,0.11641104482834336
287956.0,0.1462141566400778
287991.0,0.08407685204378644
288004.0,0.14669754199275442
288044.0,0.1139814956255749
288061.0,0.13684705692676336
288069.0,0.10102865510502568
288088.0,0.10102865510502568
288104.0,0.09711624448257591
288150.0,0.1139814956255749
288198.0,0.11215984321428232
288210.0,0.09711624448257591
288220.0,0.1139814956255749
288255.0,0.11641104482834336
288302.0,0.1139814956255749
288309.0,0.1139814956255749
288349.0,0.10151749538671974
288362.0,0.10102865510502568
288381.0,0.08361691520168119
288409.0,0.11420125759879433
288439.0,0.06724426775736114
288475.0,0.1120770282222568
288489.0,0.1139814956255749
288511.0,0.09021794738073032
288528.0,0.1139814956255749
288541.0,0.10102865510502568
288547.0,0.10102865510502568
288591.0,0.1120770282222568
288674.0,0.09021794738073032
288691.0,0.09711624448257591
288722.0,0.09021794738073032
288725.0,0.09021794738073032
288726.0,0.06724426775736114
288751.0,0.1139814956255749
288776.0,0.10102865510502568
288783.0,0.10102865510502568
288791.0,0.036838018450307125
288810.0,0.09021794738073032
288830.0,0.09021794738073032
288883.0,0.08737667648552355
288912.0,0.06521991626554242
288915.0,0.0881935958889116
288923.0,0.06521991626554242
288940.0,0.11195714413375617
288961.0,0.09509189299075718
288969.0,0.0881935958889116
288983.0,0.09509189299075718
288996.0,0.0881935958889116
289004.0,0.0881935958889116
289007.0,0.09509189299075718
289014.0,0.0881935958889116
289017.0,0.06521991626554242
289048.0,0.09892026273269464
289065.0,0.11195714413375617
289069.0,0.0881935958889116
289073.0,0.06521991626554242
289089.0,0.09509189299075718
289118.0,0.09509189299075718
289147.0,0.0881935958889116
289189.0,0.0881935958889116
289191.0,0.1119770282222568
289209.0,0.061056639552943145
289211.0,0.0881935958889116
289219.0,0.06205504971272282
289240.0,0.061056639552943145
289306.0,0.06521991626554242
289310.0,0.06521991626554242
289321.0,0.06205504971272282
289363.0,0.0881935958889116
289386.0,0.11195714413375617
289397.0,0.1119770282222568
289400.0,0.11197193967564972
289439.0,0.08737667648552355
289448.0,0.06205504971272282
289519.0,0.09509189299075718
289566.0,0.11195714413375617
289602.0,0.08737667648552355
289622.0,0.14659754199275443
289651.0,0.09509189299075718
289665.0,0.08737667648552355
289773.0,0.13711063891520694
289786.0,0.035821068551998965
289800.0,0.06205504971272282
289852.0,0.08737667648552355
289856.0,0.09509189299075718
289879.0,0.1090742691335112
289892.0,0.09509189299075718
289921.0,0.0881935958889116
289926.0,0.08256551797845443
289927.0,0.08737667648552355
289932.0,0.08737667648552355
289958.0,0.08737667648552355
289969.0,0.1736753429482502
289978.0,0.08652799440631057
289986.0,0.08395779689492151
289992.0,0.032631531541296235
289999.0,0.08395779689492151
290000.0,0.06335155911327942
290009.0,0.08632523873664859
290011.0,0.08395779689492151
290027.0,0.08632523873664859
290028.0,0.08395779689492151
290039.0,0.06335155911327942
290063.0,0.08395779689492151
290087.0,0.08632523873664859
290093.0,0.08632523873664859
290104.0,0.05918828240068013
290118.0,0.06018669256045979
290128.0,0.06856390549577515
290136.0,0.09322353583849416
290137.0,0.08632523873664859
290190.0,0.08395779689492151
290220.0,0.08632523873664859
290234.0,0.08395779689492151
290237.0,0.06018669256045979
290246.0,0.06018669256045979
290271.0,0.08632523873664859
290294.0,0.06018669256045979
290375.0,0.08632523873664859
290413.0,0.08632523873664859
290435.0,0.08632523873664859
290439.0,0.06018669256045979
290453.0,0.08395779689492151
290474.0,0.06018669256045979
290542.0,0.10793644718105325
290563.0,0.08395779689492151
290576.0,0.16859477035848947
290586.0,0.06018669256045979
290606.0,0.08395779689492151
290643.0,0.08632523873664859
290672.0,0.08632523873664859
290680.0,0.08632523873664859
290690.0,0.08632523873664859
290697.0,0.08632523873664859
290735.0,0.08632523873664859
290752.0,0.06335155911327942
290759.0,0.08632523873664859
290770.0,0.08395779689492151
290813.0,0.08395779689492151
290828.0,0.14499634542768555
290948.0,0.06335155911327942
290984.0,0.08632523873664859
290986.0,0.08632523873664859
290989.0,0.06856390549577515
291016.0,0.08632523873664859
291035.0,0.08395779689492151
291062.0,0.09322353583849416
291088.0,0.08632523873664859
291091.0,0.08632523873664859
291113.0,0.06018669256045979
291141.0,0.08632523873664859
291157.0,0.08632523873664859
291171.0,0.08632523873664859
291175.0,0.06018669256045979
291181.0,0.09322353583849416
291195.0,0.08632523873664859
291239.0,0.13410376348596745
291254.0,0.060496371282566026
291269.0,0.060496371282566026
291270.0,0.08671138693745606
291285.0,0.0898978243471681
291286.0,0.05551025860224139
291303.0,0.08671138693745606
291352.0,0.06403311305047608
291378.0,0.08671138693745606
291400.0,0.06403311305047608
291425.0,0.06403311305047608
291427.0,0.10872042297966505
291458.0,0.08671138693745606
291475.0,0.06403311305047608
291518.0,0.09414974133019832
291567.0,0.1076826010272071
291606.0,0.060496371282566026
291653.0,0.05551025860224139
291656.0,0.06156300731069689
291667.0,0.08671138693745606
291726.0,0.08671138693745606
291733.0,0.06156300731069689
291750.0,0.08671138693745606
291758.0,0.08671138693745606
291775.0,0.060496371282566026
291805.0,0.060496371282566026
291838.0,0.06403311305047608
291852.0,0.06403311305047608
291886.0,0.08671138693745606
291896.0,0.08671138693745606
291905.0,0.05551025860224139
291933.0,0.06403311305047608
291987.0,0.09859804051047241
291991.0,0.060496371282566026
292029.0,0.08671138693745606
292077.0,0.060496371282566026
292102.0,0.08671138693745606
292132.0,0.06403311305047608
292136.0,0.06403311305047608
292168.0,0.08671138693745606
292192.0,0.08671138693745606
292217.0,0.06403311305047608
292234.0,0.06403311305047608
292259.0,0.05551025860224139
292268.0,0.021319610198380582
292319.0,0.060496371282566026
292353.0,0.08078700666609656
292357.0,0.08671138693745606
292386.0,0.05451184844246172
292399.0,0.08944715768050143
292401.0,0.08671138693745606
292421.0,0.08671138693745606
292432.0,0.027955097583077845
292489.0,0.06403311305047608
292506.0,0.10872042297966505
292521.0,0.08671138693745606
292529.0,0.06403311305047608
292535.0,0.08671138693745606
292542.0,0.06403311305047608
292548.0,0.060496371282566026
292558.0,0.060496371282566026
292564.0,0.06403311305047608
292570.0,0.06403311305047608
292587.0,0.09828426224554326
292609.0,0.05451184844246172
292621.0,0.08671138693745606
292646.0,0.06403311305047608
292714.0,0.05851670269435169
292758.0,0.05851670269435169
292782.0,0.05235405265842849
292812.0,0.05135564249864884
292825.0,0.05851670269435169
292837.0,0.05810303602768501
292885.0,0.08944715768050143
292894.0,0.05810303602768501
292949.0,0.05135564249864884
292958.0,0.05235405265842849
292974.0,0.05135564249864884
292979.0,0.05135564249864884
292986.0,0.057945814219853696
293010.0,0.057945814219853696
293019.0,0.05135564249864884
293050.0,0.08840978486428291
293061.0,0.05135564249864884
293069.0,0.057945814219853696
293074.0,0.05810303602768501
293087.0,0.057945814219853696
293101.0,0.05235405265842849
293148.0,0.08840978486428291
293170.0,0.05235405265842849
293171.0,0.0760261650531707
293180.0,0.05810303602768501
293184.0,0.05810303602768501
293186.0,0.05235405265842849
293201.0,0.057945814219853696
293226.0,0.05810303602768501
293253.0,0.05810303602768501
293258.0,0.05810303602768501
293259.0,0.05810303602768501
293276.0,0.05810303602768501
293301.0,0.05235405265842849
293329.0,0.05135564249864884
293367.0,0.08840978486428291
293373.0,0.057945814219853696
293378.0,0.08840978486428291
293470.0,0.05810303602768501
293480.0,0.05235405265842849
293493.0,0.057945814219853696
293545.0,0.05810303602768501
293552.0,0.05235405265842849
293562.0,0.057945814219853696
293565.0,0.057945814219853696
293585.0,0.057945814219853696
293590.0,0.09360661507107501
293607.0,0.08840978486428291
293609.0,0.08840978486428291
293636.0,0.05235405265842849
293646.0,0.05135564249864884
293673.0,0.057945814219853696
293695.0,0.057945814219853696
293697.0,0.05135564249864884
293715.0,0.057945814219853696
293718.0,0.08840978486428291
293719.0,0.057945814219853696
293730.0,0.07405820092594774
293766.0,0.05135564249864884
293782.0,0.05135564249864884
293783.0,0.057945814219853696
293821.0,0.05135564249864884
293838.0,0.057945814219853696
293854.0,0.05810303602768501
293879.0,0.05810303602768501
293888.0,0.05810303602768501
293895.0,0.05810303602768501
293899.0,0.09369907466353164
293918.0,0.05135564249864884
293920.0,0.057945814219853696
293946.0,0.016286226647837493
293948.0,0.057945814219853696
293978.0,0.05135564249864884
293982.0,0.05135564249864884
293984.0,0.057945814219853696
294009.0,0.05810303602768501
294021.0,0.05810303602768501
294068.0,0.057945814219853696
294109.0,0.05135564249864884
294113.0,0.05135564249864884
294120.0,0.07405820092594774
294139.0,0.057945814219853696
294155.0,0.057945814219853696
294162.0,0.05810303602768501
294164.0,0.05135564249864884
294174.0,0.05810303602768501
294183.0,0.05810303602768501
294202.0,0.05810303602768501
294242.0,0.05135564249864884
294269.0,0.05135564249864884
294300.0,0.05448071502839077
294320.0,0.05135564249864884
294347.0,0.05448071502839077
294356.0,0.08815438386520298
294382.0,0.05135564249864884
294383.0,0.05135564249864884
294417.0,0.05448071502839077
294434.0,0.05135564249864884
294443.0,0.024440201495300382
294451.0,0.05235405265842849
294488.0,0.02475397976022955
294500.0,0.05135564249864884
294556.0,0.05135564249864884
294562.0,0.05135564249864884
294569.0,0.05135564249864884
294644.0,0.05448071502839077
294650.0,0.02475397976022955
294661.0,0.08815438386520298
294681.0,0.05135564249864884
294682.0,0.05235405265842849
294692.0,0.08815438386520298
294699.0,0.05235405265842849
294708.0,0.05448071502839077
294716.0,0.05448071502839077
294731.0,0.05448071502839077
294734.0,0.05135564249864884
294742.0,0.05235405265842849
294760.0,0.05448071502839077
294762.0,0.05448071502839077
294773.0,0.05448071502839077
294774.0,0.05448071502839077
294782.0,0.057945814219853696
294793.0,0.05235405265842849
294795.0,0.05448071502839077
294798.0,0.05448071502839077
294824.0,0.05135564249864884
294846.0,0.05448071502839077
294855.0,0.05448071502839077
294886.0,0.05135564249864884
294894.0,0.05448071502839077
294900.0,0.05135564249864884
294904.0,0.057945814219853696
294922.0,0.05448071502839077
294941.0,0.02475397976022955
294969.0,0.05448071502839077
295004.0,0.05235405265842849
295064.0,0.057945814219853696
295068.0,0.05135564249864884
295143.0,0.02475397976022955
295160.0,0.05235405265842849
295171.0,0.057945814219853696
295220.0,0.05448071502839077
295240.0,0.05448071502839077
295251.0,0.07405820092594774
295283.0,0.05135564249864884
295297.0,0.05135564249864884
295315.0,0.05135564249864884
295320.0,0.05135564249864884
295333.0,0.05135564249864884
295346.0,0.05135564249864884
295384.0,0.05135564249864884
295389.0,0.05135564249864884
295392.0,0.08944715768050143
295399.0,0.05448071502839077
295423.0,0.05448071502839077
295451.0,0.024440201495300382
295455.0,0.016286226647837493
295503.0,0.05135564249864884
295521.0,0.05135564249864884
295543.0,0.05135564249864884
295549.0,0.05135564249864884
295552.0,0.05135564249864884
295580.0,0.05135564249864884
295590.0,0.057945814219853696
295623.0,0.05448071502839077
295656.0,0.024440201495300382
295682.0,0.05448071502839077
295714.0,0.05235405265842849
295724.0,0.05235405265842849
295784.0,0.05448071502839077
295785.0,0.02475397976022955
295804.0,0.05448071502839077
295834.0,0.024440201495300382
295872.0,0.057945814219853696
295901.0,0.05448071502839077
295928.0,0.05235405265842849
295932.0,0.05135564249864884
295957.0,0.05135564249864884
295961.0,0.05135564249864884
295991.0,0.05135564249864884
296012.0,0.05135564249864884
296036.0,0.016286226647837493
296037.0,0.05135564249864884
296045.0,0.05135564249864884
296058.0,0.024440201495300382
296086.0,0.016286226647837493
296092.0,0.02475397976022955
296099.0,0.016286226647837493
296104.0,0.05235405265842849
296111.0,0.016286226647837493
296156.0,0.05135564249864884
296161.0,0.08815438386520298
296164.0,0.02475397976022955
296179.0,0.024440201495300382
296198.0,0.024440201495300382
296211.0,0.05135564249864884
296215.0,0.016286226647837493
296236.0,0.05135564249864884
296243.0,0.016286226647837493
296256.0,0.08815438386520298
296278.0,0.024440201495300382
296302.0,0.016286226647837493
296314.0,0.016286226647837493
296322.0,0.0727654271106493
296375.0,0.016286226647837493
296398.0,0.02475397976022955
296428.0,0.08815438386520298
296437.0,0.016286226647837493
296472.0,0.016286226647837493
296489.0,0.016286226647837493
296512.0,0.05135564249864884
296521.0,0.05135564249864884
296527.0,0.05135564249864884
296536.0,0.05135564249864884
296544.0,0.024440201495300382
296553.0,0.016286226647837493
296555.0,0.016286226647837493
296563.0,0.016286226647837493
296568.0,0.0727654271106493
296582.0,0.016286226647837493
296597.0,0.016286226647837493
296599.0,0.05135564249864884
296610.0,0.05135564249864884
296618.0,0.05235405265842849
296630.0,0.05135564249864884
296637.0,0.05135564249864884
296649.0,0.05135564249864884
296662.0,0.05135564249864884
296681.0,0.05235405265842849
296712.0,0.016286226647837493
296729.0,0.016286226647837493
296737.0,0.016286226647837493
296769.0,0.016286226647837493
296805.0,0.05135564249864884
296822.0,0.05135564249864884
296830.0,0.016286226647837493
296839.0,0.016286226647837493
296896.0,0.016286226647837493
296904.0,0.016286226647837493
296929.0,0.05235405265842849
296936.0,0.05135564249864884
296979.0,0.016286226647837493
297011.0,0.05135564249864884
297060.0,0.05135564249864884
297097.0,0.0727654271106493
297116.0,0.05135564249864884
297126.0,0.016286226647837493
297127.0,0.05235405265842849
297133.0,0.024440201495300382
297144.0,0.016286226647837493
297152.0,0.016286226647837493
297182.0,0.016286226647837493
297216.0,0.05235405265842849
297227.0,0.016286226647837493
297234.0,0.016286226647837493
297241.0,0.024538750153235228
297248.0,0.05135564249864884
297260.0,0.016286226647837493
297271.0,0.016286226647837493
297284.0,0.05135564249864884
297303.0,0.0727654271106493
297329.0,0.016286226647837493
297330.0,0.05135564249864884
297348.0,0.016286226647837493
297361.0,0.016286226647837493
297416.0,0.05135564249864884
297430.0,0.024440201495300382
297432.0,0.016286226647837493
297439.0,0.05135564249864884
297505.0,0.016286226647837493
297542.0,0.05235405265842849
297545.0,0.05135564249864884
297552.0,0.016286226647837493
297556.0,0.016286226647837493
297564.0,0.05235405265842849
297613.0,0.05235405265842849
297615.0,0.05135564249864884
297628.0,0.05135564249864884
297658.0,0.024440201495300382
297664.0,0.05135564249864884
297675.0,0.0727654271106493
297732.0,0.016286226647837493
297741.0,0.016286226647837493
297745.0,0.02475397976022955
297746.0,0.10657039138972893
297792.0,0.05235405265842849
297809.0,0.016286226647837493
297830.0,0.016286226647837493
297848.0,0.05135564249864884
297894.0,0.024440201495300382
297935.0,0.016286226647837493
297939.0,0.05135564249864884
297968.0,0.05135564249864884
297996.0,0.016286226647837493
298037.0,0.024440201495300382
298052.0,0.016286226647837493
298110.0,0.016286226647837493
298134.0,0.016286226647837493
298138.0,0.024440201495300382
298157.0,0.024440201495300382
298160.0,0.05135564249864884
298175.0,0.016286226647837493
298201.0,0.024440201495300382
298213.0,0.016286226647837493
298237.0,0.024440201495300382
298297.0,0.016286226647837493
298303.0,0.016286226647837493
298325.0,0.05135564249864884
298336.0,0.02475397976022955
298365.0,0.024440201495300382
298373.0,0.016286226647837493
298378.0,0.016286226647837493
298387.0,0.024440201495300382
298459.0,0.05135564249864884
298467.0,0.024440201495300382
298470.0,0.02475397976022955
298482.0,0.024440201495300382
298573.0,0.024440201495300382
298579.0,0.024440201495300382
298625.0,0.016286226647837493
298682.0,0.016286226647837493
298689.0,0.016286226647837493
298715.0,0.016286226647837493
298726.0,0.05135564249864884
298727.0,0.05135564249864884
298729.0,0.016286226647837493
298735.0,0.016286226647837493
298739.0,0.016286226647837493
298763.0,0.016286226647837493
298784.0,0.016286226647837493
298824.0,0.016286226647837493
298836.0,0.016286226647837493
298844.0,0.016286226647837493
298864.0,0.016286226647837493
298866.0,0.016286226647837493
298878.0,0.016286226647837493
298885.0,0.024440201495300382
298942.0,0.016286226647837493
298963.0,0.016286226647837493
298993.0,0.016286226647837493
299014.0,0.02475397976022955
299068.0,0.016286226647837493
299073.0,0.016286226647837493
299076.0,0.016286226647837493
299083.0,0.024440201495300382
299092.0,0.016286226647837493
299115.0,0.05135564249864884
299143.0,0.016286226647837493
299156.0,0.05135564249864884
299191.0,0.024440201495300382
299210.0,0.016286226647837493
299217.0,0.016286226647837493
299227.0,0.016286226647837493
299228.0,0.05135564249864884
299247.0,0.016286226647837493
299250.0,0.016286226647837493
299269.0,0.016286226647837493
299298.0,0.016286226647837493
299303.0,0.05135564249864884
299307.0,0.016286226647837493
299316.0,0.016286226647837493
299394.0,0.024440201495300382
299395.0,0.016286226647837493
299416.0,0.016286226647837493
299429.0,0.024440201495300382
299439.0,0.024440201495300382
299440.0,0.05135564249864884
299448.0,0.016286226647837493
299451.0,0.016286226647837493
299453.0,0.016286226647837493
299460.0,0.016286226647837493
299479.0,0.024440201495300382
299530.0,0.05135564249864884
299533.0,0.016286226647837493
299570.0,0.016286226647837493
299584.0,0.016286226647837493
299599.0,0.05135564249864884
299620.0,0.024440201495300382
299634.0,0.05135564249864884
299646.0,0.05135564249864884
299690.0,0.024440201495300382
299694.0,0.02475397976022955
299698.0,0.016286226647837493
299711.0,0.016286226647837493
299722.0,0.013743789764968184
299754.0,0.02475397976022955
299778.0,0.05135564249864884
299793.0,0.016286226647837493
299813.0,0.05235405265842849
299824.0,0.05135564249864884
299841.0,0.016286226647837493
299882.0,0.024440201495300382
299885.0,0.016286226647837493
299919.0,0.05235405265842849
299922.0,0.016286226647837493
299923.0,0.016286226647837493
299929.0,0.016286226647837493
299933.0,0.016286226647837493
299948.0,0.016286226647837493
299950.0,0.05135564249864884
299965.0,0.024440201495300382
299969.0,0.016286226647837493
300027.0,0.016286226647837493
300041.0,0.024440201495300382
300050.0,0.016286226647837493
300065.0,0.016286226647837493
300092.0,0.013743789764968184
300111.0,0.016286226647837493
300122.0,0.024440201495300382
300123.0,0.024440201495300382
300144.0,0.016286226647837493
300159.0,0.016286226647837493
300173.0,0.016286226647837493
300203.0,0.02475397976022955
300235.0,0.05135564249864884
300244.0,0.016286226647837493
300257.0,0.02475397976022955
300287.0,0.016286226647837493
300298.0,0.024440201495300382
300300.0,0.024440201495300382
300307.0,0.024440201495300382
300339.0,0.016286226647837493
300344.0,0.016286226647837493
300355.0,0.016286226647837493
300357.0,0.016286226647837493
300385.0,0.024440201495300382
300386.0,0.016286226647837493
300395.0,0.024440201495300382
300398.0,0.016286226647837493
300440.0,0.024440201495300382
300484.0,0.016286226647837493
300495.0,0.016286226647837493
300505.0,0.016286226647837493
300529.0,0.024440201495300382
300541.0,0.016286226647837493
300542.0,0.016286226647837493
300560.0,0.016286226647837493
300565.0,0.016286226647837493
300591.0,0.016286226647837493
300633.0,0.024440201495300382
300658.0,0.016286226647837493
300675.0,0.024440201495300382
300691.0,0.016286226647837493
300741.0,0.016286226647837493
300835.0,0.024440201495300382
300839.0,0.024440201495300382
300854.0,0.024440201495300382
300872.0,0.024440201495300382
300883.0,0.016286226647837493
300886.0,0.024440201495300382
300900.0,0.024440201495300382
300909.0,0.016286226647837493
300912.0,0.024440201495300382
300930.0,0.016286226647837493
300940.0,0.016286226647837493
300943.0,0.024440201495300382
301047.0,0.024440201495300382
301056.0,0.024440201495300382
301075.0,0.016286226647837493
301082.0,0.016286226647837493
301107.0,0.016286226647837493
301109.0,0.024440201495300382
301123.0,0.016286226647837493
301133.0,0.024440201495300382
301139.0,0.016286226647837493
301152.0,0.024440201495300382
301161.0,0.024440201495300382
301171.0,0.024440201495300382
301178.0,0.016286226647837493
301183.0,0.016286226647837493
301203.0,0.016286226647837493
301207.0,0.016286226647837493
301235.0,0.016286226647837493
301254.0,0.016286226647837493
301260.0,0.02422497188830607
301301.0,0.016286226647837493
301311.0,0.016286226647837493
301346.0,0.016286226647837493
301360.0,0.024440201495300382
301388.0,0.016286226647837493
301392.0,0.016286226647837493
301394.0,0.016286226647837493
301404.0,0.016286226647837493
301432.0,0.016286226647837493
301441.0,0.016286226647837493
301448.0,0.016286226647837493
301489.0,0.016286226647837493
301490.0,0.016286226647837493
301510.0,0.024440201495300382
301513.0,0.02422497188830607
301550.0,0.016286226647837493
301601.0,0.016286226647837493
301602.0,0.024440201495300382
301609.0,0.016286226647837493
301626.0,0.016286226647837493
301634.0,0.016286226647837493
301665.0,0.016286226647837493
301667.0,0.013743789764968184
301703.0,0.016286226647837493
301729.0,0.016286226647837493
301737.0,0.024440201495300382
301750.0,0.016286226647837493
301764.0,0.016286226647837493
301769.0,0.024440201495300382
301773.0,0.016286226647837493
301779.0,0.016286226647837493
301792.0,0.016286226647837493
301796.0,0.016286226647837493
301798.0,0.016286226647837493
301800.0,0.024440201495300382
301805.0,0.016286226647837493
301893.0,0.016286226647837493
301911.0,0.024440201495300382
301915.0,0.016286226647837493
301929.0,0.016286226647837493
301945.0,0.016286226647837493
301958.0,0.016286226647837493
301978.0,0.016286226647837493
301989.0,0.016286226647837493
302017.0,0.016286226647837493
302053.0,0.016286226647837493
302056.0,0.016286226647837493
302066.0,0.016286226647837493
302107.0,0.024440201495300382
302123.0,0.024440201495300382
302136.0,0.016286226647837493
302174.0,0.016286226647837493
302201.0,0.024440201495300382
302208.0,0.016286226647837493
302222.0,0.024440201495300382
302225.0,0.024440201495300382
302236.0,0.024440201495300382
302252.0,0.016286226647837493
302267.0,0.024440201495300382
302268.0,0.016286226647837493
302278.0,0.016286226647837493
302332.0,0.024440201495300382
302354.0,0.024440201495300382
302412.0,0.024440201495300382
302491.0,0.016286226647837493
302493.0,0.024440201495300382
302505.0,0.016286226647837493
302517.0,0.024440201495300382
302540.0,0.016286226647837493
302546.0,0.016286226647837493
302565.0,0.024440201495300382
302587.0,0.016286226647837493
302592.0,0.016286226647837493
302647.0,0.024440201495300382
302674.0,0.024440201495300382
302735.0,0.016286226647837493
302747.0,0.016286226647837493
302768.0,0.016286226647837493
302773.0,0.016286226647837493
302780.0,0.024440201495300382
302814.0,0.016286226647837493
302824.0,0.016286226647837493
302871.0,0.016286226647837493
302898.0,0.016286226647837493
302927.0,0.016286226647837493
302928.0,0.024440201495300382
302929.0,0.016286226647837493
302934.0,0.024440201495300382
302943.0,0.024440201495300382
302945.0,0.024440201495300382
302971.0,0.024440201495300382
303003.0,0.016286226647837493
303014.0,0.024440201495300382
303047.0,0.016286226647837493
303054.0,0.016286226647837493
303075.0,0.016286226647837493
303085.0,0.016286226647837493
303117.0,0.024440201495300382
303122.0,0.016286226647837493
303156.0,0.024440201495300382
303199.0,0.016286226647837493
303206.0,0.024440201495300382
303247.0,0.016286226647837493
303297.0,0.016286226647837493
303318.0,0.016286226647837493
303347.0,0.024440201495300382
303352.0,0.016286226647837493
303379.0,0.016286226647837493
303426.0,0.016286226647837493
303435.0,0.016286226647837493
303439.0,0.016286226647837493
303462.0,0.016286226647837493
303464.0,0.016286226647837493
303466.0,0.016286226647837493
303474.0,0.024440201495300382
303481.0,0.016286226647837493
303482.0,0.024440201495300382
303483.0,0.024440201495300382
303487.0,0.024440201495300382
303515.0,0.016286226647837493
303523.0,0.024440201495300382
303623.0,0.016286226647837493
303629.0,0.016286226647837493
303641.0,0.016286226647837493
303649.0,0.016286226647837493
303656.0,0.024440201495300382
303709.0,0.016286226647837493
303729.0,0.016286226647837493
303753.0,0.016286226647837493
303759.0,0.016286226647837493
303760.0,0.016286226647837493
303763.0,0.024440201495300382
303787.0,0.016286226647837493
303804.0,0.024440201495300382
303807.0,0.016286226647837493
303814.0,0.016286226647837493
303862.0,0.024440201495300382
303917.0,0.024440201495300382
303921.0,0.016286226647837493
303925.0,0.024440201495300382
303945.0,0.013743789764968184
303956.0,0.02422497188830607
303987.0,0.024440201495300382
304012.0,0.016286226647837493
304026.0,0.016286226647837493
304036.0,0.016286226647837493
304106.0,0.016286226647837493
304158.0,0.024440201495300382
304159.0,0.024440201495300382
304177.0,0.016286226647837493
304222.0,0.016286226647837493
304228.0,0.016286226647837493
304234.0,0.016286226647837493
304241.0,0.024440201495300382
304247.0,0.016286226647837493
304250.0,0.016286226647837493
304276.0,0.013743789764968184
304335.0,0.013743789764968184
304342.0,0.013743789764968184
304354.0,0.016286226647837493
304366.0,0.013743789764968184
304383.0,0.016286226647837493
304418.0,0.016286226647837493
304427.0,0.024440201495300382
304433.0,0.016286226647837493
304463.0,0.016286226647837493
304478.0,0.016286226647837493
304486.0,0.016286226647837493
304490.0,0.016286226647837493
304531.0,0.016286226647837493
304535.0,0.016286226647837493
304578.0,0.013743789764968184
304580.0,0.016286226647837493
304583.0,0.016286226647837493
304609.0,0.016286226647837493
304614.0,0.016286226647837493
304615.0,0.016286226647837493
304635.0,0.016286226647837493
304636.0,0.024440201495300382
304653.0,0.016286226647837493
304685.0,0.016286226647837493
304696.0,0.016286226647837493
304698.0,0.016286226647837493
304720.0,0.016286226647837493
304739.0,0.016286226647837493
304771.0,0.024440201495300382
304818.0,0.016286226647837493
304819.0,0.024440201495300382
304825.0,0.024440201495300382
304827.0,0.016286226647837493
304829.0,0.016286226647837493
304860.0,0.024440201495300382
304906.0,0.016286226647837493
304950.0,0.016286226647837493
304957.0,0.016286226647837493
305003.0,0.016286226647837493
305020.0,0.016286226647837493
305033.0,0.016286226647837493
305041.0,0.016286226647837493
305045.0,0.016286226647837493
305066.0,0.016286226647837493
305084.0,0.013743789764968184
305107.0,0.016286226647837493
305134.0,0.024440201495300382
305179.0,0.013743789764968184
305180.0,0.016286226647837493
305185.0,0.016286226647837493
305186.0,0.024440201495300382
305188.0,0.024440201495300382
305207.0,0.016286226647837493
305214.0,0.016286226647837493
305287.0,0.024440201495300382
305378.0,0.016286226647837493
305383.0,0.016286226647837493
305399.0,0.016286226647837493
305414.0,0.016286226647837493
305453.0,0.016286226647837493
305463.0,0.016286226647837493
305464.0,0.016286226647837493
305468.0,0.016286226647837493
305469.0,0.016286226647837493
305471.0,0.016286226647837493
305490.0,0.016286226647837493
305518.0,0.016286226647837493
305529.0,0.016286226647837493
305532.0,0.016286226647837493
305553.0,0.016286226647837493
305575.0,0.016286226647837493
305591.0,0.016286226647837493
305597.0,0.016286226647837493
305610.0,0.016286226647837493
305611.0,0.016286226647837493
305628.0,0.016286226647837493
305658.0,0.016286226647837493
305666.0,0.016286226647837493
305671.0,0.016286226647837493
305726.0,0.024440201495300382
305728.0,0.016286226647837493
305729.0,0.016286226647837493
305732.0,0.016286226647837493
305735.0,0.016286226647837493
305742.0,0.016286226647837493
305753.0,0.016286226647837493
305816.0,0.016286226647837493
305827.0,0.016286226647837493
305853.0,0.024440201495300382
305855.0,0.016286226647837493
305859.0,0.016286226647837493
305896.0,0.016286226647837493
305903.0,0.016286226647837493
305914.0,0.016286226647837493
305937.0,0.016286226647837493
305953.0,0.013743789764968184
305956.0,0.024440201495300382
305982.0,0.016286226647837493
306020.0,0.024440201495300382
306047.0,0.024440201495300382
306051.0,0.016286226647837493
306076.0,0.016286226647837493
306084.0,0.016286226647837493
306120.0,0.02422497188830607
306139.0,0.016286226647837493
306148.0,0.016286226647837493
306167.0,0.024440201495300382
306186.0,0.016286226647837493
306225.0,0.016286226647837493
306228.0,0.016286226647837493
306230.0,0.016286226647837493
306251.0,0.016286226647837493
306269.0,0.016286226647837493
306353.0,0.024440201495300382
306370.0,0.016286226647837493
306417.0,0.016286226647837493
306486.0,0.016286226647837493
306487.0,0.024440201495300382
306511.0,0.016286226647837493
306524.0,0.016286226647837493
306548.0,0.016286226647837493
306572.0,0.016286226647837493
306600.0,0.016286226647837493
306604.0,0.016286226647837493
306659.0,0.016286226647837493
306670.0,0.016286226647837493
306688.0,0.016286226647837493
306690.0,0.016286226647837493
306691.0,0.02422497188830607
306711.0,0.016286226647837493
306717.0,0.016286226647837493
306720.0,0.016286226647837493
306749.0,0.016286226647837493
306764.0,0.016286226647837493
306765.0,0.016286226647837493
306776.0,0.016286226647837493
306780.0,0.016286226647837493
306802.0,0.024440201495300382
306804.0,0.024538750153235228
306805.0,0.024440201495300382
306846.0,0.016286226647837493
306864.0,0.016286226647837493
306873.0,0.016286226647837493
372857.0,0.016286226647837493
372874.0,0.024440201495300382
424932.0,0.024440201495300382
524291.0,14.357697334405788
524312.0,13.632748859041282
524319.0,14.008788160018081
524320.0,7.554974728965992
524358.0,7.142491080392346
524361.0,7.109295562715577
524363.0,4.811608279639176
524390.0,7.090792607506871
524397.0,6.647214164544604
524446.0,4.372481643711148
524453.0,5.434254647753348
524502.0,4.745863893008436
524504.0,4.417656981523377
524528.0,4.787281169211766
524530.0,4.883661409219863
524538.0,4.61946120608505
524541.0,4.663737289326171
524558.0,4.152381512975872
524567.0,4.291431778499279
524632.0,4.236576588550339
524644.0,4.123812066396794
524671.0,3.9609663091973415
524672.0,4.003039279637312
524707.0,3.4979180848636235
524714.0,3.877983787323788
524724.0,3.4343860606060628
524728.0,1.0136621987913133
524742.0,3.612991679035302
524789.0,3.543177678432679
524818.0,3.527813047539835
524824.0,3.6973619149722823
524829.0,3.433274583700614
524851.0,3.6520975818136128
524861.0,3.2271526037924074
524898.0,2.9918859284356007
524923.0,3.1519412506147124
524948.0,2.9449773653062623
524962.0,2.8787016984387295
524963.0,2.828439674214673
524986.0,2.9568316701354194
525014.0,2.8276558665027784
525061.0,1.2363222665814575
525072.0,2.8076041462867196
525106.0,1.817210256074498
525114.0,2.7641809297169977
525131.0,2.488792320188412
525144.0,2.6680804926527713
525148.0,2.5888584810760285
525277.0,2.1000074991309856
525305.0,2.4124744284250315
525337.0,2.230504577105472
525395.0,2.0955752480117926
525410.0,2.237352425491176
525434.0,2.341697715554568
525445.0,2.2033793707517977
525455.0,2.334162071090674
525486.0,2.182748593555138
525500.0,2.0843331220241748
525508.0,2.1255777110517675
525509.0,2.139819542492252
525523.0,2.1255942155797416
525532.0,2.185521107979138
525562.0,2.1297773088023093
525565.0,1.4484266669575978
525608.0,1.9626542774464104
525612.0,2.104895229802877
525637.0,2.0735449320450794
525659.0,1.978464967597762
525693.0,2.0538714027965503
525720.0,1.9466293001940402
525743.0,1.9673561885663358
525751.0,1.996939723340814
525760.0,1.9161558499445661
525770.0,1.9010845942148995
525796.0,2.050500643751673
525814.0,1.8798844185272066
525840.0,1.8937907371716738
525852.0,1.8414633051758122
525863.0,2.128459382621163
525884.0,1.7293949211618451
525952.0,1.8257114625287005
525966.0,1.8293207438845176
525968.0,1.8070978932140285
525987.0,1.8061332090239486
526002.0,1.224391200002609
526070.0,1.7301742482529139
526077.0,1.5236910934898438
526102.0,1.9410483017721873
526123.0,1.8231518761957
526130.0,1.8034075274806887
526179.0,1.5819579350396504
526188.0,1.532490125773157
526213.0,1.7182891333975618
526222.0,1.643170746008922
526225.0,1.6014619162867576
526230.0,1.6406514470023068
526248.0,1.2675397302602047
526251.0,1.603055513716261
526253.0,1.6220513048148966
526260.0,1.6155255421049919
526295.0,1.577610383475028
526375.0,1.4473249116186955
526383.0,1.5863488358863354
526389.0,1.2656455964541995
526418.0,1.4833409578763528
526464.0,1.5120547931642025
526473.0,1.2793908189396752
526478.0,1.580062421312199
526484.0,1.6549229795514082
526496.0,1.4949687135513248
526503.0,1.5163039084917824
526515.0,1.4158689687710528
526539.0,1.5221361626039422
526573.0,1.4510201448324092
526596.0,1.5626099828259117
526642.0,1.4048203811523705
526650.0,1.447787034508016
526661.0,1.3383769604213263
526674.0,1.4605479850454295
526703.0,1.4833183054481187
526704.0,1.4392975352174795
526716.0,1.3628046566171712
526736.0,1.4165700414515978
526754.0,1.3779807734563598
526766.0,1.3618197413002475
526792.0,1.2717321749161226
526808.0,1.368553189979621
526831.0,1.1841933918896796
526888.0,1.357971185079011
526902.0,1.2687327529872892
526910.0,1.370470153702409
526960.0,1.3869004663484128
526967.0,1.360826339562966
526972.0,1.3202178335148613
527002.0,1.3164379489681957
527009.0,1.268215853205784
527013.0,1.3353877376312382
527035.0,1.3927930956065757
527047.0,1.2739110234807545
527087.0,1.3094429918556576
527090.0,0.9744994138611044
527169.0,1.2617839449533041
527172.0,1.28091569604437
527193.0,1.3477900007083563
527209.0,1.3349118873611099
527210.0,1.180341730733394
527214.0,1.169775006081809
527215.0,1.3482076194638697
527226.0,1.2534862619099838
527236.0,1.301050490427108
527289.0,1.1522389912199777
527310.0,0.7033988436029781
527387.0,1.1329144444677104
527437.0,1.216335488128199
527443.0,0.6843137309486091
527463.0,1.1907806679752055
527479.0,0.9552798203458336
527515.0,1.1029357317609483
527530.0,1.1475663483623775
527557.0,1.1445230519848226
527573.0,1.1452947172886163
527613.0,1.1823810556407388
527625.0,1.162135841461019
527757.0,1.1646213906559935
527775.0,1.255931768503077
527788.0,1.1121619821126112
527791.0,1.093751183293492
527886.0,1.0765919075046093
527900.0,1.0449898195710192
527928.0,1.0689554813224498
527996.0,1.062739828847412
527998.0,1.029170306135885
528023.0,1.114017709999659
528059.0,1.0176446482182222
528062.0,1.0599000153530924
528066.0,1.0456529227903144
528071.0,1.058731132323408
528082.0,0.789501212251151
528086.0,0.7206880922720879
528088.0,1.057307343149619
528089.0,1.0485717414193474
528129.0,1.0303537658459825
528140.0,1.0582641777284387
528149.0,0.6728458200229274
528151.0,1.097903703160058
528165.0,1.0686528517084968
528189.0,1.041326480879258
528242.0,1.0257026338438098
528244.0,0.8993946724559162
528245.0,1.0447916377648558
528253.0,0.8218616998056302
528284.0,1.0851378313727467
528285.0,0.9737896870361993
528328.0,1.0017657921325804
528332.0,0.9410391796825089
528341.0,0.9520384677854423
528351.0,1.1005234540044353
528362.0,0.9710988477756495
528364.0,0.948548316270291
528388.0,0.6489471954213042
528395.0,0.984337537992094
528416.0,0.9563253307805705
528440.0,0.8672569920178845
528449.0,0.8822370637386091
528472.0,0.9635789295524337
528494.0,0.9697449655797584
528498.0,0.9668231052849758
528500.0,0.9745671215852916
528513.0,0.7878934126010513
528534.0,0.913026456799328
528555.0,0.9467927295036415
528556.0,0.95948947236194
528580.0,0.9518521551396018
528595.0,0.9345119782362297
528625.0,0.7985298967887426
528638.0,0.9261778908981632
528651.0,0.9275951636254358
528665.0,0.9351876341454386
528670.0,0.9301099334741794
528677.0,0.8759682746875527
528729.0,0.9753334311384126
528733.0,0.8923526525110644
528735.0,0.9518717544955047
528745.0,0.9174208533505092
528746.0,0.810338196071768
528753.0,0.8819998900690073
528776.0,0.8956848453750826
528781.0,0.9189009137516322
528792.0,0.8884247284142561
528813.0,0.9614763465578271
528827.0,0.8528615743149374
528866.0,0.8942055773246628
528873.0,0.8056376321799112
528924.0,0.8265549926930951
528950.0,0.9071842635196564
528984.0,0.8829024732221221
528992.0,0.8833381204367764
529032.0,0.8540398432190821
529067.0,0.8595459587189638
529084.0,0.8987010431037327
529092.0,0.6234693173704874
529106.0,0.8675419161650868
529111.0,0.8529032821459714
529145.0,0.8280413350060059
529199.0,0.8429612774983842
529201.0,0.8401190203060199
529223.0,0.7923996154465595
529252.0,0.7788373136665718
529304.0,0.8010675943937219
529307.0,0.7441266759226438
529313.0,0.8568306973850603
529342.0,0.8529339922051113
529385.0,0.8236370449330401
529440.0,0.8108083512676114
529459.0,0.7954809123741908
529467.0,0.7603573241782483
529485.0,0.7903244500110849
529497.0,0.7976280089109495
529525.0,0.7784214492868854
529529.0,0.7984159884010635
529562.0,0.8275339175448299
529581.0,0.800859795126619
529583.0,0.8005693912704815
529586.0,0.7498394300267962
529598.0,0.8181756794336504
529647.0,0.7172032961044098
529654.0,0.7869577674086626
529660.0,0.7669984860561452
529707.0,0.6868990411568425
529749.0,0.7081322552543868
529763.0,0.7881011854645442
529767.0,0.7509195459660364
529810.0,0.6843775550440843
529852.0,0.7840691408410233
529857.0,0.758462778419388
529876.0,0.7112128404963447
529878.0,0.7743513648678452
529884.0,0.7720741927797521
529904.0,0.7378810225897133
529932.0,0.7570185306192707
529961.0,0.8072883689179545
529969.0,0.7168986007660081
530035.0,0.7190601237682449
530037.0,0.6520531744365846
530082.0,0.7419011052434379
530092.0,0.8023646746015183
530134.0,0.6384578778136206
530143.0,0.7194635649830451
530158.0,0.7262293957378698
530165.0,0.7161709385522724
530167.0,0.7368032501710933
530175.0,0.6546261316001378
530188.0,0.7654271051432573
530192.0,0.7335987324721478
530197.0,0.5770375875840491
530225.0,0.7054484945107782
530232.0,0.6542063732338467
530242.0,0.7077275384559069
530250.0,0.7026278821104291
530273.0,0.7326587923669059
530283.0,0.7336328427955884
530318.0,0.6914351049279286
530349.0,0.6064268952430685
530356.0,0.6220047081398128
530372.0,0.6980439671780475
530387.0,0.6826704754541584
530398.0,0.6980439671780475
530407.0,0.7028405693815987
530423.0,0.7028405693815987
530442.0,0.6798368072180403
530464.0,0.6886926925334436
530473.0,0.6905786179847674
530480.0,0.674982954032252
530561.0,0.6559243564694345
530569.0,0.6827331821662583
530571.0,0.7564709363821553
530577.0,0.7548649650027123
530587.0,0.6804287702169399
530609.0,0.6521324064071772
530615.0,0.6614635775464726
530633.0,0.6861152881390651
530679.0,0.665074244128164
530686.0,0.562192650233753
530689.0,0.6171580669220955
530690.0,0.6491353230253674
530697.0,0.5994165724487835
530702.0,0.6063377342059467
530726.0,0.6655434263785477
530732.0,0.6307744203049259
530745.0,0.7098679661748903
530760.0,0.6737312926728624
530767.0,0.5072139091507224
530838.0,0.6004764598295312
530846.0,0.6459793487117608
530864.0,0.6354800806721552
530898.0,0.6260414586415642
530905.0,0.6375224600044866
530947.0,0.6443925082241587
530988.0,0.5770854674227754
530999.0,0.6136157052590474
531030.0,0.6392099533406597
531144.0,0.624001846526999
531146.0,0.656611314253232
531160.0,0.6833552125720825
531172.0,0.6277056554014496
531201.0,0.624205913316282
531214.0,0.6012386394286804
531235.0,0.6472077620100863
531240.0,0.6442813694935096
531342.0,0.5924759368590119
531348.0,0.599221385067657
531369.0,0.6168417555845345
531370.0,0.507463508437131
531413.0,0.6375422585326431
531419.0,0.5072516968669395
531423.0,0.5431020754539287
531430.0,0.5027885968365203
531436.0,0.6173407697976887
531474.0,0.5500874720973044
531475.0,0.5946194211441428
531476.0,0.6151732979371252
531512.0,0.5863656351047969
531513.0,0.5909802791671083
531522.0,0.6020122039537813
531561.0,0.570562635682576
531579.0,0.5949376775210484
531585.0,0.4762176923551833
531590.0,0.6049057754379609
531600.0,0.5858203807630324
531623.0,0.42901253181647553
531734.0,0.50774440683977
531756.0,0.6054497084162194
531765.0,0.5767732285241489
531779.0,0.5854726742646723
531813.0,0.5929379692449865
531833.0,0.5569331238149592
531839.0,0.5672397903398942
531843.0,0.6316770921695469
531854.0,0.5348630263726964
531874.0,0.577080204900701
531901.0,0.5616653164017535
531903.0,0.5964664343796041
531933.0,0.5788844434432255
531954.0,0.5896294619903238
531965.0,0.5728680999682346
531971.0,0.5725479754726828
531975.0,0.5613611813285072
532023.0,0.5728680999682346
532028.0,0.5989788741369158
532038.0,0.5728680999682346
532043.0,0.5018304873482823
532066.0,0.572849631337079
532072.0,0.5562700869412374
532104.0,0.5317138641312212
532118.0,0.5779367284233655
532143.0,0.5077913143362742
532153.0,0.5609169450630261
532193.0,0.5231293735729241
532199.0,0.5169117901798168
532200.0,0.5732239944906317
532207.0,0.6806426611715188
532222.0,0.5532731144897786
532233.0,0.5486389708581009
532236.0,0.5436321575198196
532254.0,0.42559705425383754
532275.0,0.5612210801362725
532281.0,0.503347783647266
532315.0,0.5688096631854574
532329.0,0.5553110620117263
532330.0,0.5357960135366046
532352.0,0.4903160355985324
532353.0,0.5417620119343365
532355.0,0.5590834005556701
532381.0,0.5368208799963772
532420.0,0.5270348482088152
532426.0,0.5072042248750068
532444.0,0.5332897087522845
532461.0,0.5267203074863762
532496.0,0.5425549995837499
532498.0,0.4982002888462091
532499.0,0.5417620119343365
532523.0,0.5244375649626685
532524.0,0.5430241929762772
532530.0,0.5326617122458999
532583.0,0.5336091464091467
532590.0,0.5770266811599183
532680.0,0.5097774618983145
532681.0,0.5110120341707305
532687.0,0.527544360144746
532692.0,0.528288544788545
532727.0,0.5265624949395403
532750.0,0.5155521182241247
532770.0,0.5598448347529651
532775.0,0.5289005106005108
532795.0,0.4942985487049611
532809.0,0.5023168970696458
532859.0,0.5011840085439885
532867.0,0.471956618705917
532884.0,0.5272181048625638
532899.0,0.39259555276433994
532930.0,0.44306065201035694
532934.0,0.520185821294524
532954.0,0.5433939905157447
532959.0,0.5074067311164981
532972.0,0.48603957364359757
532980.0,0.4966897369839687
532995.0,0.502613736324741
533007.0,0.4966897369839687
533088.0,0.5011840085439885
533101.0,0.5011840085439885
533120.0,0.5169456631964527
533122.0,0.4944599684172518
533162.0,0.42227553253299105
533182.0,0.5005940611114079
533220.0,0.503842498912644
533221.0,0.504032801942947
533273.0,0.5263499519228113
533284.0,0.49990640536879455
533352.0,0.5032078070065125
533364.0,0.48424909387696935
533374.0,0.5073177903369038
533420.0,0.4566566187646147
533442.0,0.5062683011674104
533475.0,0.46453782282944756
533489.0,0.4316305020111156
533506.0,0.43367506099471886
533523.0,0.4791367113019694
533525.0,0.4827863659422137
533527.0,0.4697016446614918
533530.0,0.4353865693675785
533534.0,0.4566566187646147
533545.0,0.47212548189531006
533568.0,0.46977797062615906
533632.0,0.47835869043488294
533638.0,0.4921297638286955
533656.0,0.4179529324340981
533671.0,0.4111593478725133
533672.0,0.4739427112329011
533762.0,0.5012157254708074
533797.0,0.4613931865148861
533819.0,0.45314674993878895
533822.0,0.45314674993878895
533864.0,0.47054330850916737
533886.0,0.45667176507250606
533925.0,0.4525812181325516
533926.0,0.43315323008188095
533956.0,0.43989026711263157
533961.0,0.42271127345658455
533963.0,0.450955380422544
533987.0,0.45254571327846693
533995.0,0.44901349742782076
534001.0,0.48683517958563977
534034.0,0.5013864649607868
534053.0,0.4592364052634173
534076.0,0.44949085175335085
534100.0,0.4611875419571059
534139.0,0.46440296750188254
534159.0,0.5299080750736325
534166.0,0.45254571327846693
534184.0,0.4433478705472084
534196.0,0.46582715082595444
534219.0,0.46012000481825
534226.0,0.4075015416766787
534283.0,0.4636550109819176
534285.0,0.45495030667968
534337.0,0.4628367935358092
534344.0,0.421389371670583
534358.0,0.46529131238769134
534361.0,0.39227227021821137
534368.0,0.368854276288776
534376.0,0.46469617931099255
534386.0,0.42302711733409554
534390.0,0.38609632800046917
534397.0,0.44769256571760047
534400.0,0.37575297406895225
534414.0,0.4537999948025865
534456.0,0.4265207772902854
534465.0,0.45239072884012643
534469.0,0.4721255501465144
534503.0,0.4426304491092394
534512.0,0.46012000481825
534519.0,0.42736711306986586
534545.0,0.4304091163389982
534569.0,0.43953793599563007
534589.0,0.3482560100798358
534610.0,0.42087629882741345
534625.0,0.4508878016108775
534628.0,0.36946261629026755
534651.0,0.42149835333840857
534700.0,0.4628794826083865
534735.0,0.42149835333840857
534741.0,0.4426304491092394
534758.0,0.42087629882741345
534776.0,0.4606132749425974
534789.0,0.4214804796270845
534830.0,0.38634832263107893
534832.0,0.41240112128567014
534840.0,0.4067949649649181
534860.0,0.4227519996920548
534861.0,0.412460529847072
534870.0,0.4299594316085302
534899.0,0.38995859375591146
534952.0,0.4240772756747483
534969.0,0.38563351029792287
534979.0,0.39621649269649084
534990.0,0.4299594316085302
534995.0,0.40960350245951027
535000.0,0.4295782106010161
535011.0,0.4299594316085302
535033.0,0.4067949649649181
535057.0,0.4067949649649181
535068.0,0.39621649269649084
535072.0,0.4128531758139969
535078.0,0.4045153132136198
535083.0,0.4179861013584735
535087.0,0.42333106915521646
535091.0,0.4045153132136198
535093.0,0.32172133395285035
535108.0,0.44361008426744386
535128.0,0.4067949649649181
535157.0,0.3163992869663239
535165.0,0.4067949649649181
535238.0,0.38278010866323486
535258.0,0.45623221535393205
535273.0,0.37227897813598615
535275.0,0.3963575154682834
535304.0,0.3963116704636148
535305.0,0.39962184768385195
535366.0,0.3962026628213892
535395.0,0.39512810141788035
535396.0,0.39621649269649084
535406.0,0.3963116704636148
535423.0,0.3880087346804413
535446.0,0.41884389227768926
535467.0,0.436879019344789
535475.0,0.436879019344789
535529.0,0.3958182521512378
535532.0,0.40356988507312325
535569.0,0.39159856870820065
535585.0,0.36017297186134345
535633.0,0.3107726568799968
535647.0,0.3241466724142834
535667.0,0.412901369347974
535686.0,0.36833438706331867
535711.0,0.3750537502590672
535797.0,0.38278010866323486
535817.0,0.24505517089767548
535840.0,0.385778090654345
535859.0,0.38278010866323486
535865.0,0.49902687115203365
535893.0,0.38495041509119104
535909.0,0.38278010866323486
535937.0,0.38278010866323486
535952.0,0.3534775466440668
535960.0,0.43181878510901306
535986.0,0.37216860564084003
536012.0,0.3249227584821706
536060.0,0.3852851514464177
536071.0,0.38299658412561366
536077.0,0.36066111519928495
536102.0,0.3581342663732992
536124.0,0.3778552256455614
536129.0,0.36574406308112306
536144.0,0.3844722420203505
536156.0,0.3907248514751773
536165.0,0.339070802076481
536167.0,0.35654385698985286
536173.0,0.393113545590707
536182.0,0.3560216098405914
536198.0,0.3668891584941442
536211.0,0.38299658412561366
536312.0,0.36833438706331867
536341.0,0.38333132048084023
536346.0,0.42359698843937915
536370.0,0.3484665230528297
536385.0,0.3679987460376777
536395.0,0.3484665230528297
536397.0,0.3668891584941442
536520.0,0.3518511988093721
536535.0,0.3451793517356832
536546.0,0.2851347866901373
536571.0,0.3454647353781134
536574.0,0.38333132048084023
536575.0,0.32782349423863494
536580.0,0.38333132048084023
536606.0,0.38480697837557715
536607.0,0.44642599923955545
536670.0,0.3451793517356832
536675.0,0.3650022538240257
536677.0,0.3049952481754262
536679.0,0.36999920248120505
536684.0,0.36088163796064626
536700.0,0.3454647353781134
536701.0,0.3454647353781134
536729.0,0.2873512904033356
536781.0,0.35534125886010215
536850.0,0.32372168139183444
536851.0,0.36105839842422943
536877.0,0.40374091191919453
536931.0,0.32926674503709236
536938.0,0.3186313799339535
536947.0,0.36066111519928495
536962.0,0.34820937828061993
536968.0,0.3186313799339535
537004.0,0.29516368074681787
537010.0,0.32554850593039547
537032.0,0.3234088728828911
537033.0,0.34820937828061993
537064.0,0.31115809875155115
537146.0,0.3232731637018582
537149.0,0.3679987460376777
537160.0,0.3256090649366066
537187.0,0.3186313799339535
537235.0,0.33047256885261034
537261.0,0.30405021905343277
537272.0,0.2836214390595677
537308.0,0.32166544298994915
537327.0,0.35751837028531097
537350.0,0.25489679468100696
537351.0,0.33001549490979565
537380.0,0.2923263111702052
537396.0,0.3232731637018582
537436.0,0.32487811152258134
537437.0,0.33527926886752235
537443.0,0.31269702477999606
537480.0,0.33128377459038966
537492.0,0.3256090649366066
537513.0,0.29126051026378597
537534.0,0.2773546284265312
537543.0,0.3109566873328194
537580.0,0.29048471624022054
537629.0,0.32785480506528564
537651.0,0.34977076271784663
537654.0,0.3234612589399534
537663.0,0.3254689889696166
537666.0,0.30784357345995583
537668.0,0.3232731637018582
537683.0,0.36066111519928495
537703.0,0.36340177898436765
537743.0,0.32650008284306337
537744.0,0.29020947369608513
537770.0,0.36163954631158335
537800.0,0.2846401138100513
537834.0,0.27952339157204376
537869.0,0.3180673785780572
537878.0,0.31825547381615243
537909.0,0.3109979812568354
537919.0,0.2960489240244008
537945.0,0.29471289592578215
537960.0,0.2934179575995482
537983.0,0.30520150446518923
538016.0,0.2934179575995482
538018.0,0.2778616943366331
538028.0,0.29393232844060824
538031.0,0.2974184464805131
538039.0,0.2838922717899334
538048.0,0.2624542841694918
538055.0,0.2948087216938451
538096.0,0.29440723159011783
538099.0,0.2934179575995482
538124.0,0.3109979812568354
538130.0,0.352100418030196
538162.0,0.3340567825913317
538242.0,0.2773546284265312
538257.0,0.2907285160453583
538292.0,0.274678194866773
538303.0,0.27677048808014787
538343.0,0.2773546284265312
538350.0,0.27174669008539404
538458.0,0.29067851604535827
538459.0,0.2968725627032734
538517.0,0.2968725627032734
538529.0,0.29385429241164923
538571.0,0.2877362479293717
538579.0,0.2773546284265312
538586.0,0.2948087216938451
538590.0,0.2911896256750733
538596.0,0.2738108224799194
538652.0,0.20060548871608785
538658.0,0.28608625233696316
538693.0,0.2968725627032734
538701.0,0.2968725627032734
538715.0,0.2729281521128124
538735.0,0.302981984889133
538752.0,0.296368920354992
538773.0,0.27190909960980575
538788.0,0.2877362479293717
538794.0,0.27190909960980575
538814.0,0.28608625233696316
538895.0,0.37887860362859466
538946.0,0.2880318674004793
538957.0,0.28717120504035576
538974.0,0.31825547381615243
538981.0,0.33714189354701096
538988.0,0.28608625233696316
539145.0,0.28245430860814547
539176.0,0.27030619880132783
539193.0,0.28970210215615677
539198.0,0.27459011927091037
539212.0,0.2533985891670008
539219.0,0.25930764633879044
539224.0,0.23409840689507327
539226.0,0.2790828159761812
539257.0,0.28245430860814547
539269.0,0.27759640803472174
539273.0,0.2794353159761812
539358.0,0.2718577280262424
539366.0,0.2505012278614483
539392.0,0.26079379442208894
539407.0,0.28245430860814547
539421.0,0.24883380059354768
539425.0,0.2836616859655925
539447.0,0.26079379442208894
539464.0,0.2950083316094045
539476.0,0.26367181612665447
539483.0,0.26367181612665447
539507.0,0.22011334509486377
539520.0,0.2579124055421517
539551.0,0.26635951179910267
539573.0,0.2408706271514955
539606.0,0.2602277590066879
539628.0,0.26733866546186413
539633.0,0.27459011927091037
539645.0,0.27423761927091034
539659.0,0.3210595786952484
539667.0,0.3124988162018337
539687.0,0.2408706271514955
539705.0,0.27459011927091037
539706.0,0.26367181612665447
539707.0,0.27459011927091037
539709.0,0.2580976833199295
539724.0,0.25606819154853805
539730.0,0.21801714261700428
539785.0,0.1928818752304126
539824.0,0.27423761927091034
539830.0,0.2638479064796756
539834.0,0.2566775942641089
539875.0,0.27437334660974444
539919.0,0.24134526282863383
539942.0,0.2579124055421517
539948.0,0.2051294699589002
539963.0,0.22609415095742455
540097.0,0.2408706271514955
540103.0,0.2708916386708387
540108.0,0.2382784938163006
540110.0,0.25185452840106737
540139.0,0.24323435489811207
540186.0,0.26635951179910267
540210.0,0.21984038090537739
540247.0,0.2382784938163006
540265.0,0.2652427415200186
540269.0,0.2206844839517007
540280.0,0.25241216716758336
540333.0,0.2385418090336919
540359.0,0.28608286758474344
540379.0,0.2520572556737946
540401.0,0.21318633150157423
540417.0,0.2794353159761812
540420.0,0.25103961233491906
540448.0,0.16298487263737638
540451.0,0.2631160193482279
540458.0,0.25185452840106737
540459.0,0.24866402656467787
540474.0,0.24255254356114161
540499.0,0.3366923458452358
540523.0,0.2524722837188549
540566.0,0.23097107067213166
540572.0,0.24156100169971034
540594.0,0.2382784938163006
540597.0,0.23174155606332036
540640.0,0.22565172671500033
540656.0,0.24323435489811207
540689.0,0.2574647913805101
540712.0,0.24234981628841434
540780.0,0.24323435489811207
540794.0,0.19343082259883368
540796.0,0.22882222375714367
540799.0,0.2150357990877777
540805.0,0.2708916386708387
540836.0,0.24234981628841434
540867.0,0.25707716296595007
540894.0,0.2385418090336919
540917.0,0.23097107067213166
540958.0,0.2355894671478681
540967.0,0.22397843677850862
540980.0,0.24323435489811207
540990.0,0.2355894671478681
540999.0,0.2355894671478681
541030.0,0.2355894671478681
541055.0,0.2577281065979014
541062.0,0.22397843677850862
541066.0,0.22397843677850862
541072.0,0.2315440111985989
541076.0,0.2479197478668655
541106.0,0.2574647913805101
541124.0,0.2150357990877777
541130.0,0.24098567713537872
541144.0,0.2150357990877777
541158.0,0.2654629514624905
541167.0,0.22397843677850862
541174.0,0.2534558043322381
541209.0,0.22718183351504947
541215.0,0.22397843677850862
541240.0,0.2509084341629532
541272.0,0.2193838748319934
541317.0,0.22397843677850862
541328.0,0.2315440111985989
541371.0,0.22092642783274502
541398.0,0.2761719570104568
541441.0,0.20479883810416089
541495.0,0.1571843403647541
541501.0,0.22433244620853746
541506.0,0.19622579118381583
541511.0,0.18224634282129618
541542.0,0.20710977679050166
541575.0,0.19651587425421713
541605.0,0.2315440111985989
541618.0,0.22296296958895087
541619.0,0.1736753429482502
541653.0,0.24729221976505059
541654.0,0.27115624639878044
541664.0,0.23827920014106113
541671.0,0.23827920014106113
541680.0,0.2315440111985989
541694.0,0.18947481628572022
541695.0,0.22397843677850862
541733.0,0.2546772413054373
541786.0,0.2174337513095637
541801.0,0.2174337513095637
541829.0,0.11277154257182756
541848.0,0.21996460643018817
541850.0,0.15947662401348187
541874.0,0.2211482411782536
541890.0,0.22965035005483542
541920.0,0.1608964696005623
541936.0,0.21081510600141634
541960.0,0.22991366527222673
541965.0,0.2193838748319934
541991.0,0.19843724921618894
541994.0,0.18672696659410914
542001.0,0.207343110123835
542009.0,0.2120076375942619
542062.0,0.18467382262978568
542093.0,0.21696135231966468
542113.0,0.1998647793375898
542118.0,0.21696135231966468
542120.0,0.18224634282129618
542123.0,0.2207625644924925
542126.0,0.19676959226778998
542170.0,0.1939287998040922
542177.0,0.1903526715948483
542178.0,0.1736753429482502
542194.0,0.22296296958895087
542241.0,0.2290499701489402
542243.0,0.21696135231966468
542244.0,0.21696135231966468
542317.0,0.20191304658347803
542347.0,0.19843724921618894
542417.0,0.25432791331134824
542466.0,0.21696135231966468
542469.0,0.1890612687370066
542493.0,0.18381850910351308
542518.0,0.18976696096120885
542535.0,0.1890612687370066
542563.0,0.172242170364672
542565.0,0.17569408236870906
542597.0,0.2025382174592729
542615.0,0.19843724921618894
542625.0,0.2025382174592729
542628.0,0.14534672982569924
542657.0,0.1832817648486235
542658.0,0.19025066733413656
542689.0,0.1385939597605845
542701.0,0.21696135231966468
542741.0,0.19843724921618894
542748.0,0.1322255053045212
542782.0,0.19843724921618894
542804.0,0.18106430668490972
542811.0,0.1133541922955014
542821.0,0.13599488446518224
542832.0,0.19938665308856365
542846.0,0.18976696096120885
542882.0,0.25432791331134824
542900.0,0.172242170364672
542909.0,0.19839288044148412
542914.0,0.18976696096120885
542933.0,0.19839288044148412
542939.0,0.19273088779597733
542941.0,0.25432791331134824
542953.0,0.1905428678197082
542985.0,0.17138685683839938
542997.0,0.18224634282129618
543003.0,0.1890612687370066
543057.0,0.17138685683839938
543066.0,0.1576108183349424
543101.0,0.1905428678197082
543117.0,0.18976696096120885
543148.0,0.16627854419738583
543172.0,0.16371622463018803
543226.0,0.18224634282129618
543250.0,0.18976696096120885
543258.0,0.1907584883103287
543276.0,0.13755844495522815
543280.0,0.05810303602768501
543316.0,0.17683088244742348
543324.0,0.17138685683839938
543366.0,0.19938665308856365
543367.0,0.1905428678197082
543368.0,0.17138685683839938
543376.0,0.18660934667672133
543416.0,0.18106430668490972
543420.0,0.19938665308856365
543441.0,0.17138685683839938
543445.0,0.22125815366619178
543502.0,0.17138685683839938
543512.0,0.18106430668490972
543514.0,0.17138685683839938
543544.0,0.24777145215971252
543560.0,0.22825078755981487
543571.0,0.18660934667672133
543576.0,0.22265313174909593
543599.0,0.20861082162253944
543601.0,0.1571843403647541
543604.0,0.21405904560922928
543605.0,0.055836934295749915
543624.0,0.18106430668490972
543633.0,0.15585084048896194
543656.0,0.1939287998040922
543669.0,0.17138685683839938
543672.0,0.17605730481059007
543676.0,0.19273088779597733
543688.0,0.23801101329362936
543694.0,0.19273088779597733
543697.0,0.18660934667672133
543719.0,0.18106430668490972
543741.0,0.17605730481059007
543759.0,0.16901055990246028
543769.0,0.17138685683839938
543811.0,0.19839288044148412
543823.0,0.1758739714772567
543827.0,0.17138685683839938
543838.0,0.16371622463018803
543884.0,0.19273088779597733
543945.0,0.28483720305993004
543964.0,0.18660934667672133
543984.0,0.21534609228479654
544000.0,0.16629006187755274
544006.0,0.1628766270591159
544021.0,0.1719658327291339
544022.0,0.17285894695732165
544056.0,0.055836934295749915
544068.0,0.15258422560051976
544109.0,0.15463369498123558
544124.0,0.1127560947186745
544126.0,0.15258422560051976
544128.0,0.15645542298583673
544137.0,0.16629006187755274
544165.0,0.19236678523187475
544170.0,0.016286226647837493
544171.0,0.17123691535021654
544191.0,0.055836934295749915
544194.0,0.15258422560051976
544209.0,0.16213355083630954
544214.0,0.17138685683839938
544241.0,0.1827536530207344
544246.0,0.17952179108189661
544256.0,0.16213355083630954
544259.0,0.10299639224264295
544266.0,0.17123691535021654
544345.0,0.12101700441441286
544351.0,0.1815174254423788
544371.0,0.12011349501137585
544374.0,0.15358000166625588
544381.0,0.15645542298583673
544389.0,0.17138685683839938
544403.0,0.16901055990246028
544448.0,0.27325833521184245
544451.0,0.1628766270591159
544479.0,0.19236678523187475
544518.0,0.16629006187755274
544555.0,0.16629006187755274
544556.0,0.16213355083630954
544580.0,0.1017036184273445
544593.0,0.2232494552785077
544605.0,0.17123691535021654
544665.0,0.19992198306822614
544667.0,0.15579198850151998
544684.0,0.16213355083630954
544702.0,0.1815174254423788
544733.0,0.1529032308864365
544764.0,0.12759618923505914
544776.0,0.16213355083630954
544783.0,0.016286226647837493
544802.0,0.016286226647837493
544843.0,0.26721981868723627
544844.0,0.1815174254423788
544852.0,0.1127560947186745
544857.0,0.12281495606903967
544861.0,0.1815174254423788
544865.0,0.15258422560051976
544900.0,0.16213355083630954
544972.0,0.19236678523187475
544975.0,0.1815174254423788
545008.0,0.01759022359145821
545044.0,0.1815174254423788
545060.0,0.01759022359145821
545069.0,0.1815174254423788
545070.0,0.12101700441441286
545076.0,0.11253633274545508
545080.0,0.20422870005282712
545101.0,0.016286226647837493
545104.0,0.15358000166625588
545141.0,0.2614456164404174
545155.0,0.1842078231999677
545170.0,0.1017036184273445
545178.0,0.12687376386768515
545181.0,0.16213355083630954
545199.0,0.1815174254423788
545201.0,0.016286226647837493
545210.0,0.17569408236870906
545214.0,0.07972928161892472
545228.0,0.17123691535021654
545257.0,0.016286226647837493
545272.0,0.055836934295749915
545292.0,0.16213355083630954
545294.0,0.14705923938573887
545311.0,0.01759022359145821
545348.0,0.14705923938573887
545374.0,0.17123691535021654
545375.0,0.12281495606903967
545376.0,0.18941512905397537
545377.0,0.12582006862046444
545379.0,0.1127560947186745
545384.0,0.14961797574781077
545405.0,0.15645542298583673
545410.0,0.18105286919235156
545414.0,0.17123691535021654
545443.0,0.15429525804617786
545453.0,0.17123691535021654
545485.0,0.016286226647837493
545544.0,0.12281495606903967
545547.0,0.17123691535021654
545575.0,0.1127560947186745
545608.0,0.14705923938573887
545621.0,0.15645542298583673
545624.0,0.17123691535021654
545630.0,0.12281495606903967
545659.0,0.14705923938573887
545719.0,0.1127560947186745
545729.0,0.17123691535021654
545743.0,0.14961797574781077
545750.0,0.14705923938573887
545793.0,0.14961797574781077
545815.0,0.14156202819497718
545860.0,0.01759022359145821
545861.0,0.01759022359145821
545862.0,0.17123691535021654
545885.0,0.12759618923505914
545899.0,0.20455667903159366
545913.0,0.14705923938573887
545934.0,0.11253633274545508
545935.0,0.1127560947186745
545974.0,0.15258422560051976
545983.0,0.17123691535021654
546015.0,0.19992198306822614
546021.0,0.1127560947186745
546062.0,0.15258422560051976
546068.0,0.09626917917928296
546073.0,0.12101700441441286
546087.0,0.1127560947186745
546098.0,0.15645542298583673
546099.0,0.15462635053628568
546157.0,0.15645542298583673
546198.0,0.14156202819497718
546240.0,0.15462635053628568
546255.0,0.14439773139754905
546295.0,0.016286226647837493
546300.0,0.1127560947186745
546330.0,0.1127560947186745
546346.0,0.013743789764968184
546380.0,0.12259519409582025
546392.0,0.14156202819497718
546395.0,0.1356388648365365
546402.0,0.14156202819497718
546407.0,0.14156202819497718
546433.0,0.16036038532838304
546439.0,0.14156202819497718
546508.0,0.15645542298583673
546518.0,0.1127560947186745
546532.0,0.013743789764968184
546539.0,0.18731420436866386
546565.0,0.12261584605475787
546613.0,0.15645542298583673
546615.0,0.15645542298583673
546648.0,0.1311751400695848
546680.0,0.11253633274545508
546681.0,0.15645542298583673
546694.0,0.15645542298583673
546710.0,0.12261584605475787
546712.0,0.15645542298583673
546748.0,0.14439773139754905
546767.0,0.1518900991115715
546771.0,0.08840978486428291
546784.0,0.19742713378985863
546810.0,0.12261584605475787
546831.0,0.013743789764968184
546845.0,0.14439773139754905
546848.0,0.14156202819497718
546918.0,0.1311751400695848
546922.0,0.12109981940643838
546939.0,0.12498867436173366
546942.0,0.11253633274545508
546950.0,0.1311751400695848
546954.0,0.12109981940643838
546979.0,0.013743789764968184
546991.0,0.12101700441441286
547002.0,0.13925317049438907
547012.0,0.12759618923505914
547018.0,0.1222053948691387
547080.0,0.016286226647837493
547095.0,0.13925317049438907
547102.0,0.1311751400695848
547106.0,0.13851569784245482
547154.0,0.1127560947186745
547158.0,0.1311751400695848
547166.0,0.10659606469807001
547185.0,0.12101700441441286
547204.0,0.013743789764968184
547221.0,0.1311751400695848
547229.0,0.1127560947186745
547233.0,0.05360068988846744
547244.0,0.12109981940643838
547267.0,0.11253633274545508
547327.0,0.10705600154017526
547342.0,0.13925317049438907
547355.0,0.1311751400695848
547392.0,0.14867228687838957
547416.0,0.13925317049438907
547418.0,0.11253633274545508
547471.0,0.1127560947186745
547478.0,0.016286226647837493
547525.0,0.1127560947186745
547526.0,0.1311751400695848
547551.0,0.1127560947186745
547552.0,0.057945814219853696
547556.0,0.1311751400695848
547557.0,0.10107040598027052
547564.0,0.1127560947186745
547603.0,0.1311751400695848
547631.0,0.1127560947186745
547647.0,0.13925317049438907
547685.0,0.013743789764968184
547746.0,0.12498867436173366
547786.0,0.1127560947186745
547803.0,0.013743789764968184
547814.0,0.13925317049438907
547875.0,0.1127560947186745
547898.0,0.1127560947186745
547962.0,0.1206713784717281
548016.0,0.11253633274545508
548025.0,0.09567108160245606
548032.0,0.10024292238277306
548060.0,0.1206713784717281
548063.0,0.16011539792806406
548140.0,0.11253633274545508
548144.0,0.05360068988846744
548158.0,0.12266310254857864
548163.0,0.1127560947186745
548214.0,0.11253633274545508
548221.0,0.12266310254857864
548223.0,0.12266310254857864
548247.0,0.1127560947186745
548250.0,0.12266310254857864
548284.0,0.2747052166160754
548330.0,0.1206713784717281
548334.0,0.05235405265842849
548343.0,0.09730503924953349
548345.0,0.12266310254857864
548376.0,0.1127560947186745
548377.0,0.11253633274545508
548396.0,0.1127560947186745
548400.0,0.1127560947186745
548402.0,0.1127560947186745
548470.0,0.11253633274545508
548473.0,0.12498867436173366
548484.0,0.12759618923505914
548508.0,0.12266310254857864
548520.0,0.14132432034599163
548539.0,0.1127560947186745
548588.0,0.12109981940643838
548625.0,0.12266310254857864
548636.0,0.10837186384771991
548648.0,0.08840978486428291
548650.0,0.10061046913816525
548668.0,0.1206713784717281
548749.0,0.12266310254857864
548797.0,0.14850211152866957
548827.0,0.12266310254857864
548834.0,0.12266310254857864
548842.0,0.1127560947186745
548859.0,0.13851569784245482
548860.0,0.1127560947186745
548874.0,0.1463712994972207
548903.0,0.11231244488892347
548912.0,0.11265618957543262
548914.0,0.11265618957543262
548917.0,0.11265618957543262
548929.0,0.15139687131700225
548932.0,0.09567108160245606
548961.0,0.11253633274545508
548991.0,0.09567108160245606
549005.0,0.09567108160245606
549024.0,0.09567108160245606
549025.0,0.11253633274545508
549035.0,0.12544861120383893
549041.0,0.05235405265842849
549047.0,0.09567108160245606
549051.0,0.1127560947186745
549077.0,0.1127560947186745
549127.0,0.11253633274545508
549135.0,0.11656364650298451
549136.0,0.1127560947186745
549150.0,0.09567108160245606
549158.0,0.1127560947186745
549167.0,0.11265618957543262
549171.0,0.14809462496369993
549188.0,0.11265618957543262
549207.0,0.1127560947186745
549227.0,0.09567108160245606
549254.0,0.12544861120383893
549257.0,0.1127560947186745
549284.0,0.09567108160245606
549349.0,0.1127560947186745
549391.0,0.1127560947186745
549395.0,0.09567108160245606
549408.0,0.09567108160245606
549412.0,0.09567108160245606
549423.0,0.05260227972868778
549444.0,0.11253633274545508
549446.0,0.11308548062020873
549462.0,0.10107040598027052
549510.0,0.08840978486428291
549541.0,0.09567108160245606
549542.0,0.09567108160245606
549571.0,0.09803263081101962
549579.0,0.1127560947186745
549581.0,0.09567108160245606
549582.0,0.08840978486428291
549589.0,0.10837186384771991
549613.0,0.1127560947186745
549622.0,0.11231244488892347
549664.0,0.11265618957543262
549748.0,0.11265618957543262
549764.0,0.11265618957543262
549769.0,0.11265618957543262
549771.0,0.11265618957543262
549786.0,0.11253633274545508
549794.0,0.11265618957543262
549816.0,0.11656364650298451
549847.0,0.12498867436173366
549871.0,0.09567108160245606
549900.0,0.11265618957543262
549901.0,0.11656364650298451
549926.0,0.11231244488892347
549948.0,0.1736753429482502
549949.0,0.04463937209569429
549957.0,0.11253633274545508
550009.0,0.09567108160245606
550043.0,0.09803263081101962
550047.0,0.11239525988094899
550054.0,0.09567108160245606
550104.0,0.09803263081101962
550120.0,0.0778686688765096
550152.0,0.09567108160245606
550167.0,0.11231244488892347
550169.0,0.09803263081101962
550180.0,0.09567108160245606
550195.0,0.11664646149501003
550227.0,0.09803263081101962
550230.0,0.09567108160245606
550233.0,0.11231244488892347
550236.0,0.11253633274545508
550273.0,0.08840978486428291
550315.0,0.11253633274545508
550389.0,0.08840978486428291
550403.0,0.13590642866442393
550463.0,0.11253633274545508
550510.0,0.11253633274545508
550519.0,0.07944510318609538
550583.0,0.08840978486428291
550606.0,0.09803263081101962
550615.0,0.09567108160245606
550659.0,0.09803263081101962
550686.0,0.1472713955944788
550695.0,0.08840978486428291
550720.0,0.09803263081101962
550738.0,0.09803263081101962
550751.0,0.09884257478861067
550754.0,0.11664646149501003
550756.0,0.09803263081101962
550782.0,0.09567108160245606
550836.0,0.08840978486428291
550860.0,0.11231244488892347
550871.0,0.09803263081101962
550947.0,0.11253633274545508
550953.0,0.11253633274545508
550971.0,0.08840978486428291
550983.0,0.09567108160245606
550997.0,0.09567108160245606
551000.0,0.11231244488892347
551005.0,0.09567108160245606
551015.0,0.09567108160245606
551018.0,0.08840978486428291
551069.0,0.08840978486428291
551089.0,0.11253633274545508
551122.0,0.09567108160245606
551127.0,0.09567108160245606
551168.0,0.07944510318609538
551180.0,0.09567108160245606
551181.0,0.09567108160245606
551182.0,0.08840978486428291
551207.0,0.08840978486428291
551226.0,0.08840978486428291
551254.0,0.11231244488892347
551259.0,0.08840978486428291
551280.0,0.07944510318609538
551323.0,0.09567108160245606
551332.0,0.08840978486428291
551333.0,0.08840978486428291
551335.0,0.0776918250780944
551388.0,0.08840978486428291
551392.0,0.08840978486428291
551414.0,0.05235405265842849
551420.0,0.10061046913816525
551435.0,0.0808437633625835
551436.0,0.08840978486428291
551448.0,0.08840978486428291
551463.0,0.07944510318609538
551470.0,0.08840978486428291
551475.0,0.07944510318609538
551481.0,0.11239525988094899
551490.0,0.08840978486428291
551501.0,0.11231244488892347
551504.0,0.09567108160245606
551537.0,0.11253633274545508
551553.0,0.10061046913816525
551583.0,0.09567108160245606
551598.0,0.09567108160245606
551612.0,0.09567108160245606
551621.0,0.08840978486428291
551637.0,0.057945814219853696
551686.0,0.2626185010926493
551709.0,0.07944510318609538
551739.0,0.08840978486428291
551753.0,0.08840978486428291
551775.0,0.09013642050101424
551800.0,0.057945814219853696
551807.0,0.05235405265842849
551863.0,0.057945814219853696
551875.0,0.05235405265842849
551930.0,0.11253633274545508
551973.0,0.07944510318609538
551977.0,0.07944510318609538
551978.0,0.07944510318609538
551989.0,0.07944510318609538
551990.0,0.05235405265842849
551991.0,0.05235405265842849
552001.0,0.02600061699026849
552024.0,0.02475397976022955
552025.0,0.11231244488892347
552042.0,0.11239525988094899
552102.0,0.08840978486428291
552113.0,0.09567108160245606
552115.0,0.09567108160245606
552147.0,0.057945814219853696
552153.0,0.08840978486428291
552174.0,0.057945814219853696
552184.0,0.05135564249864884
552200.0,0.08840978486428291
552201.0,0.13678841669298472
552216.0,0.14248216934193325
552231.0,0.08840978486428291
552287.0,0.08840978486428291
552297.0,0.0776918250780944
552310.0,0.08840978486428291
552313.0,0.05235405265842849
552319.0,0.057945814219853696
552323.0,0.05235405265842849
552327.0,0.05235405265842849
552366.0,0.0776918250780944
552369.0,0.05235405265842849
552384.0,0.0776918250780944
552400.0,0.08840978486428291
552414.0,0.05235405265842849
552420.0,0.057945814219853696
552423.0,0.08840978486428291
552462.0,0.08840978486428291
552483.0,0.05235405265842849
552488.0,0.08840978486428291
552492.0,0.08840978486428291
552509.0,0.08840978486428291
552517.0,0.05235405265842849
552529.0,0.08840978486428291
552546.0,0.05235405265842849
552559.0,0.0776918250780944
552572.0,0.08840978486428291
552607.0,0.08840978486428291
552655.0,0.0776918250780944
552661.0,0.08840978486428291
552665.0,0.05810303602768501
552676.0,0.0776918250780944
552681.0,0.10951977991782494
552688.0,0.08840978486428291
552749.0,0.0776918250780944
552755.0,0.0776918250780944
552766.0,0.0776918250780944
552800.0,0.0776918250780944
552818.0,0.057945814219853696
552834.0,0.08840978486428291
552889.0,0.05235405265842849
552891.0,0.09567108160245606
552914.0,0.08840978486428291
552927.0,0.0776918250780944
552934.0,0.08840978486428291
552941.0,0.10940968580017786
552962.0,0.0776918250780944
552978.0,0.08840978486428291
552990.0,0.05235405265842849
553007.0,0.08840978486428291
553028.0,0.0776918250780944
553035.0,0.08840978486428291
553054.0,0.05235405265842849
553091.0,0.057945814219853696
553104.0,0.0776918250780944
553120.0,0.08840978486428291
553133.0,0.08840978486428291
553136.0,0.0776918250780944
553202.0,0.08884364668571582
553208.0,0.0776918250780944
553218.0,0.0776918250780944
553251.0,0.0776918250780944
553294.0,0.08840978486428291
553296.0,0.08840978486428291
553310.0,0.08840978486428291
553330.0,0.08840978486428291
553341.0,0.08840978486428291
553343.0,0.08840978486428291
553370.0,0.02475397976022955
553413.0,0.05235405265842849
553449.0,0.08840978486428291
553459.0,0.08840978486428291
553484.0,0.06098680843413089
553493.0,0.06098680843413089
553498.0,0.05235405265842849
553505.0,0.06098680843413089
553565.0,0.016286226647837493
553638.0,0.08884364668571582
553685.0,0.13410376348596745
553702.0,0.05235405265842849
553717.0,0.08078700666609656
553761.0,0.06098680843413089
553764.0,0.05135564249864884
553800.0,0.08840978486428291
553850.0,0.08840978486428291
553875.0,0.0930234133055203
553925.0,0.057945814219853696
553964.0,0.08840978486428291
553966.0,0.057945814219853696
553982.0,0.06098680843413089
553992.0,0.05135564249864884
554025.0,0.08840978486428291
554048.0,0.09464443702353297
554055.0,0.08840978486428291
554064.0,0.06098680843413089
554082.0,0.06098680843413089
554111.0,0.05235405265842849
554150.0,0.06098680843413089
554151.0,0.06098680843413089
554165.0,0.06098680843413089
554166.0,0.09438833748404446
554179.0,0.08840978486428291
554251.0,0.057945814219853696
554306.0,0.08840978486428291
554318.0,0.06098680843413089
554325.0,0.08840978486428291
554346.0,0.05235405265842849
554350.0,0.09438833748404446
554351.0,0.06192912910923637
554377.0,0.08840978486428291
554387.0,0.05235405265842849
554391.0,0.06098680843413089
554409.0,0.024440201495300382
554485.0,0.057945814219853696
554502.0,0.016286226647837493
554506.0,0.06098680843413089
554514.0,0.09360661507107501
554529.0,0.057945814219853696
554549.0,0.06098680843413089
554566.0,0.05135564249864884
554573.0,0.08840978486428291
554589.0,0.08840978486428291
554598.0,0.08840978486428291
554601.0,0.05810303602768501
554623.0,0.06098680843413089
554670.0,0.06098680843413089
554673.0,0.05235405265842849
554683.0,0.08840978486428291
554733.0,0.05235405265842849
554741.0,0.08840978486428291
554755.0,0.08840978486428291
554766.0,0.057945814219853696
554780.0,0.057945814219853696
554817.0,0.057945814219853696
554854.0,0.08840978486428291
554870.0,0.08840978486428291
554887.0,0.05810303602768501
554891.0,0.05810303602768501
554902.0,0.057945814219853696
554903.0,0.05810303602768501
554915.0,0.05810303602768501
554916.0,0.05810303602768501
554918.0,0.05235405265842849
554926.0,0.05810303602768501
554949.0,0.05810303602768501
554986.0,0.08840978486428291
554988.0,0.05235405265842849
555001.0,0.016286226647837493
555004.0,0.05235405265842849
555022.0,0.05235405265842849
555024.0,0.057945814219853696
555043.0,0.057945814219853696
555055.0,0.05135564249864884
555061.0,0.05135564249864884
555070.0,0.08840978486428291
555181.0,0.08840978486428291
555186.0,0.05135564249864884
555278.0,0.05135564249864884
555302.0,0.057945814219853696
555311.0,0.05810303602768501
555358.0,0.08078700666609656
555359.0,0.057945814219853696
555385.0,0.05810303602768501
555403.0,0.024440201495300382
555433.0,0.05810303602768501
555438.0,0.08078700666609656
555439.0,0.08840978486428291
555447.0,0.05135564249864884
555457.0,0.08840978486428291
555473.0,0.08840978486428291
555486.0,0.05810303602768501
555529.0,0.057945814219853696
555557.0,0.05810303602768501
555561.0,0.024440201495300382
555592.0,0.05810303602768501
555615.0,0.09438833748404446
555616.0,0.05135564249864884
555636.0,0.08840978486428291
555642.0,0.08884364668571582
555648.0,0.05810303602768501
555649.0,0.057945814219853696
555672.0,0.02422497188830607
555715.0,0.057945814219853696
555740.0,0.057945814219853696
555745.0,0.057945814219853696
555808.0,0.05810303602768501
555812.0,0.057945814219853696
555819.0,0.08840978486428291
555847.0,0.05810303602768501
555861.0,0.057945814219853696
555872.0,0.05235405265842849
555884.0,0.05135564249864884
555889.0,0.05810303602768501
555893.0,0.057945814219853696
555895.0,0.057945814219853696
555907.0,0.05135564249864884
555911.0,0.05235405265842849
556010.0,0.057945814219853696
556031.0,0.05810303602768501
556037.0,0.05135564249864884
556046.0,0.057945814219853696
556048.0,0.057945814219853696
556074.0,0.05810303602768501
556082.0,0.10805808558279076
556089.0,0.057945814219853696
556092.0,0.057945814219853696
556103.0,0.05135564249864884
556132.0,0.08840978486428291
556154.0,0.08840978486428291
556162.0,0.05135564249864884
556169.0,0.057945814219853696
556201.0,0.05135564249864884
556226.0,0.057945814219853696
556237.0,0.05810303602768501
556243.0,0.05810303602768501
556247.0,0.057945814219853696
556275.0,0.05810303602768501
556285.0,0.05235405265842849
556295.0,0.05810303602768501
556302.0,0.057945814219853696
556319.0,0.08840978486428291
556331.0,0.05810303602768501
556338.0,0.05810303602768501
556339.0,0.05810303602768501
556356.0,0.05810303602768501
556366.0,0.05810303602768501
556379.0,0.05135564249864884
556388.0,0.05135564249864884
556395.0,0.05135564249864884
556418.0,0.05135564249864884
556427.0,0.05135564249864884
556437.0,0.08884364668571582
556451.0,0.05235405265842849
556460.0,0.057945814219853696
556468.0,0.05448071502839077
556503.0,0.05135564249864884
556522.0,0.05448071502839077
556529.0,0.05135564249864884
556551.0,0.024538750153235228
556556.0,0.02475397976022955
556568.0,0.05448071502839077
556570.0,0.05448071502839077
556607.0,0.05135564249864884
556636.0,0.05235405265842849
556651.0,0.05135564249864884
556667.0,0.05135564249864884
556679.0,0.05448071502839077
556683.0,0.057945814219853696
556695.0,0.05448071502839077
556743.0,0.057945814219853696
556770.0,0.05448071502839077
556781.0,0.05235405265842849
556788.0,0.05135564249864884
556813.0,0.05135564249864884
556925.0,0.05135564249864884
556956.0,0.05448071502839077
556988.0,0.057945814219853696
556994.0,0.05235405265842849
557013.0,0.05135564249864884
557044.0,0.05135564249864884
557088.0,0.05448071502839077
557094.0,0.05135564249864884
557095.0,0.05235405265842849
557099.0,0.05448071502839077
557116.0,0.05135564249864884
557178.0,0.05448071502839077
557189.0,0.057945814219853696
557225.0,0.05135564249864884
557246.0,0.05135564249864884
557260.0,0.05448071502839077
557272.0,0.05235405265842849
557291.0,0.05235405265842849
557295.0,0.057945814219853696
557298.0,0.05235405265842849
557301.0,0.05448071502839077
557342.0,0.05235405265842849
557357.0,0.057945814219853696
557359.0,0.057945814219853696
557389.0,0.05448071502839077
557402.0,0.05135564249864884
557434.0,0.05135564249864884
557476.0,0.05448071502839077
557478.0,0.057945814219853696
557486.0,0.057945814219853696
557501.0,0.05135564249864884
557519.0,0.05448071502839077
557525.0,0.05448071502839077
557542.0,0.05235405265842849
557569.0,0.05448071502839077
557576.0,0.05135564249864884
557606.0,0.02475397976022955
557666.0,0.05135564249864884
557668.0,0.05135564249864884
557680.0,0.05135564249864884
557726.0,0.05135564249864884
557765.0,0.05448071502839077
557773.0,0.05448071502839077
557820.0,0.05135564249864884
557845.0,0.05135564249864884
557851.0,0.05135564249864884
557864.0,0.05135564249864884
557884.0,0.05135564249864884
557900.0,0.05135564249864884
557997.0,0.05448071502839077
557999.0,0.05235405265842849
558007.0,0.024440201495300382
558055.0,0.05135564249864884
558056.0,0.05135564249864884
558105.0,0.02475397976022955
558128.0,0.05448071502839077
558150.0,0.05448071502839077
558166.0,0.05235405265842849
558168.0,0.05135564249864884
558176.0,0.05135564249864884
558182.0,0.024440201495300382
558213.0,0.016286226647837493
558216.0,0.016286226647837493
558222.0,0.016286226647837493
558232.0,0.016286226647837493
558245.0,0.024440201495300382
558250.0,0.05235405265842849
558251.0,0.05135564249864884
558292.0,0.05135564249864884
558323.0,0.024440201495300382
558347.0,0.016286226647837493
558348.0,0.016286226647837493
558378.0,0.05135564249864884
558382.0,0.016286226647837493
558383.0,0.05135564249864884
558407.0,0.016286226647837493
558426.0,0.016286226647837493
558441.0,0.05135564249864884
558479.0,0.016286226647837493
558480.0,0.016286226647837493
558527.0,0.016286226647837493
558538.0,0.016286226647837493
558559.0,0.016286226647837493
558587.0,0.016286226647837493
558635.0,0.016286226647837493
558696.0,0.016286226647837493
558700.0,0.016286226647837493
558715.0,0.024440201495300382
558733.0,0.016286226647837493
558742.0,0.016286226647837493
558766.0,0.05235405265842849
558805.0,0.05135564249864884
558817.0,0.05135564249864884
558926.0,0.05135564249864884
558939.0,0.016286226647837493
558965.0,0.016286226647837493
558975.0,0.08884364668571582
558983.0,0.05135564249864884
559012.0,0.024440201495300382
559028.0,0.016286226647837493
559055.0,0.05135564249864884
559077.0,0.08884364668571582
559099.0,0.024440201495300382
559132.0,0.05135564249864884
559147.0,0.05135564249864884
559153.0,0.016286226647837493
559165.0,0.016286226647837493
559173.0,0.016286226647837493
559182.0,0.016286226647837493
559208.0,0.016286226647837493
559223.0,0.05135564249864884
559231.0,0.05135564249864884
559236.0,0.05235405265842849
559266.0,0.016286226647837493
559290.0,0.016286226647837493
559292.0,0.024440201495300382
559306.0,0.05135564249864884
559318.0,0.05135564249864884
559319.0,0.024440201495300382
559384.0,0.016286226647837493
559387.0,0.02475397976022955
559402.0,0.0727654271106493
559412.0,0.016286226647837493
559420.0,0.024440201495300382
559429.0,0.016286226647837493
559449.0,0.05135564249864884
559470.0,0.016286226647837493
559483.0,0.024440201495300382
559488.0,0.016286226647837493
559517.0,0.02475397976022955
559545.0,0.05135564249864884
559581.0,0.05135564249864884
559622.0,0.05235405265842849
559651.0,0.016286226647837493
559679.0,0.05235405265842849
559699.0,0.024440201495300382
559702.0,0.016286226647837493
559719.0,0.024440201495300382
559753.0,0.02475397976022955
559777.0,0.024440201495300382
559778.0,0.016286226647837493
559853.0,0.05135564249864884
559943.0,0.05135564249864884
559975.0,0.05135564249864884
559976.0,0.016286226647837493
559994.0,0.024440201495300382
559999.0,0.05135564249864884
560014.0,0.05135564249864884
560044.0,0.024440201495300382
560080.0,0.05135564249864884
560081.0,0.05235405265842849
560117.0,0.016286226647837493
560118.0,0.05135564249864884
560121.0,0.016286226647837493
560143.0,0.024440201495300382
560161.0,0.016286226647837493
560170.0,0.024440201495300382
560189.0,0.016286226647837493
560210.0,0.024440201495300382
560213.0,0.016286226647837493
560226.0,0.016286226647837493
560227.0,0.016286226647837493
560241.0,0.016286226647837493
560246.0,0.02422497188830607
560276.0,0.05135564249864884
560282.0,0.024440201495300382
560291.0,0.024440201495300382
560299.0,0.024440201495300382
560325.0,0.024440201495300382
560372.0,0.016286226647837493
560410.0,0.024440201495300382
560411.0,0.016286226647837493
560413.0,0.024440201495300382
560494.0,0.016286226647837493
560498.0,0.016286226647837493
560514.0,0.02475397976022955
560522.0,0.016286226647837493
560583.0,0.024440201495300382
560591.0,0.016286226647837493
560600.0,0.016286226647837493
560601.0,0.016286226647837493
560700.0,0.024440201495300382
560701.0,0.016286226647837493
560722.0,0.024440201495300382
560732.0,0.024440201495300382
560741.0,0.016286226647837493
560767.0,0.02475397976022955
560769.0,0.016286226647837493
560784.0,0.016286226647837493
560810.0,0.016286226647837493
560846.0,0.05135564249864884
560882.0,0.016286226647837493
560910.0,0.024440201495300382
560936.0,0.02475397976022955
560953.0,0.016286226647837493
560957.0,0.016286226647837493
560959.0,0.016286226647837493
560970.0,0.024440201495300382
560984.0,0.016286226647837493
560988.0,0.016286226647837493
560991.0,0.016286226647837493
560994.0,0.016286226647837493
561003.0,0.016286226647837493
561013.0,0.016286226647837493
561015.0,0.02475397976022955
561025.0,0.016286226647837493
561063.0,0.016286226647837493
561079.0,0.016286226647837493
561083.0,0.05135564249864884
561107.0,0.024440201495300382
561122.0,0.016286226647837493
561132.0,0.016286226647837493
561149.0,0.016286226647837493
561196.0,0.016286226647837493
561197.0,0.016286226647837493
561211.0,0.016286226647837493
561218.0,0.016286226647837493
561224.0,0.016286226647837493
561227.0,0.016286226647837493
561235.0,0.024440201495300382
561243.0,0.016286226647837493
561297.0,0.016286226647837493
561333.0,0.016286226647837493
561355.0,0.016286226647837493
561362.0,0.02475397976022955
561373.0,0.016286226647837493
561431.0,0.016286226647837493
561453.0,0.05135564249864884
561458.0,0.016286226647837493
561463.0,0.016286226647837493
561481.0,0.016286226647837493
561491.0,0.05135564249864884
561525.0,0.024440201495300382
561538.0,0.024440201495300382
561552.0,0.05135564249864884
561597.0,0.016286226647837493
561633.0,0.016286226647837493
561660.0,0.016286226647837493
561667.0,0.016286226647837493
561679.0,0.016286226647837493
561731.0,0.016286226647837493
561764.0,0.024440201495300382
561803.0,0.024440201495300382
561819.0,0.05135564249864884
561829.0,0.024440201495300382
561830.0,0.024440201495300382
561848.0,0.016286226647837493
561852.0,0.024440201495300382
561887.0,0.016286226647837493
561895.0,0.024440201495300382
561900.0,0.05135564249864884
561912.0,0.05135564249864884
561937.0,0.05135564249864884
561958.0,0.016286226647837493
561969.0,0.016286226647837493
561982.0,0.016286226647837493
561985.0,0.016286226647837493
562003.0,0.016286226647837493
562020.0,0.016286226647837493
562027.0,0.016286226647837493
562029.0,0.05135564249864884
562048.0,0.016286226647837493
562073.0,0.05135564249864884
562084.0,0.016286226647837493
562092.0,0.016286226647837493
562093.0,0.05235405265842849
562126.0,0.016286226647837493
562176.0,0.024440201495300382
562189.0,0.016286226647837493
562196.0,0.05135564249864884
562273.0,0.024440201495300382
562307.0,0.024440201495300382
562333.0,0.024440201495300382
562337.0,0.016286226647837493
562342.0,0.024440201495300382
562358.0,0.016286226647837493
562371.0,0.016286226647837493
562403.0,0.016286226647837493
562422.0,0.05135564249864884
562429.0,0.016286226647837493
562486.0,0.016286226647837493
562501.0,0.016286226647837493
562506.0,0.016286226647837493
562514.0,0.016286226647837493
562529.0,0.016286226647837493
562533.0,0.024440201495300382
562584.0,0.024440201495300382
562595.0,0.024440201495300382
562612.0,0.024440201495300382
562621.0,0.016286226647837493
562635.0,0.016286226647837493
562647.0,0.024440201495300382
562676.0,0.016286226647837493
562699.0,0.016286226647837493
562735.0,0.016286226647837493
562739.0,0.024440201495300382
562748.0,0.016286226647837493
562749.0,0.016286226647837493
562755.0,0.016286226647837493
562757.0,0.024440201495300382
562759.0,0.016286226647837493
562760.0,0.016286226647837493
562775.0,0.016286226647837493
562792.0,0.016286226647837493
562863.0,0.016286226647837493
562893.0,0.016286226647837493
562927.0,0.024440201495300382
562971.0,0.016286226647837493
563010.0,0.024440201495300382
563022.0,0.016286226647837493
563054.0,0.016286226647837493
563120.0,0.024440201495300382
563130.0,0.024440201495300382
563142.0,0.016286226647837493
563179.0,0.016286226647837493
563197.0,0.016286226647837493
563215.0,0.024440201495300382
563238.0,0.016286226647837493
563285.0,0.016286226647837493
563286.0,0.016286226647837493
563294.0,0.024440201495300382
563302.0,0.016286226647837493
563346.0,0.016286226647837493
563352.0,0.016286226647837493
563368.0,0.016286226647837493
563382.0,0.013743789764968184
563389.0,0.024440201495300382
563400.0,0.016286226647837493
563406.0,0.024440201495300382
563413.0,0.024440201495300382
563435.0,0.016286226647837493
563443.0,0.016286226647837493
563466.0,0.016286226647837493
563481.0,0.016286226647837493
563506.0,0.016286226647837493
563524.0,0.016286226647837493
563544.0,0.024440201495300382
563547.0,0.016286226647837493
563556.0,0.016286226647837493
563558.0,0.016286226647837493
563593.0,0.016286226647837493
563603.0,0.02422497188830607
563685.0,0.024440201495300382
563723.0,0.016286226647837493
563735.0,0.016286226647837493
563758.0,0.024440201495300382
563770.0,0.016286226647837493
563788.0,0.016286226647837493
563836.0,0.016286226647837493
563871.0,0.016286226647837493
563890.0,0.016286226647837493
563904.0,0.016286226647837493
563927.0,0.016286226647837493
563938.0,0.016286226647837493
563941.0,0.016286226647837493
563954.0,0.024440201495300382
563956.0,0.016286226647837493
563991.0,0.016286226647837493
563999.0,0.024440201495300382
564003.0,0.024440201495300382
564013.0,0.016286226647837493
564021.0,0.024440201495300382
564049.0,0.024440201495300382
564050.0,0.024440201495300382
564140.0,0.024440201495300382
564150.0,0.016286226647837493
564151.0,0.024440201495300382
564164.0,0.016286226647837493
564175.0,0.016286226647837493
564235.0,0.016286226647837493
564256.0,0.016286226647837493
564260.0,0.024440201495300382
564271.0,0.016286226647837493
564284.0,0.016286226647837493
564310.0,0.016286226647837493
564349.0,0.024440201495300382
564432.0,0.016286226647837493
564453.0,0.016286226647837493
564480.0,0.016286226647837493
564482.0,0.024440201495300382
564499.0,0.024440201495300382
564597.0,0.024440201495300382
564654.0,0.016286226647837493
564657.0,0.024440201495300382
564668.0,0.016286226647837493
564674.0,0.016286226647837493
564687.0,0.024440201495300382
564702.0,0.016286226647837493
564713.0,0.024440201495300382
564718.0,0.024440201495300382
564736.0,0.016286226647837493
564740.0,0.016286226647837493
564754.0,0.016286226647837493
564759.0,0.016286226647837493
564764.0,0.016286226647837493
564779.0,0.016286226647837493
564787.0,0.016286226647837493
564829.0,0.016286226647837493
564838.0,0.016286226647837493
564843.0,0.016286226647837493
564854.0,0.016286226647837493
564872.0,0.024440201495300382
564885.0,0.016286226647837493
564911.0,0.024440201495300382
564944.0,0.016286226647837493
564968.0,0.016286226647837493
565012.0,0.016286226647837493
565032.0,0.024440201495300382
565041.0,0.016286226647837493
565043.0,0.016286226647837493
565045.0,0.016286226647837493
565058.0,0.016286226647837493
565079.0,0.016286226647837493
565115.0,0.024440201495300382
565139.0,0.024440201495300382
565196.0,0.024440201495300382
565204.0,0.016286226647837493
565210.0,0.016286226647837493
565224.0,0.016286226647837493
565240.0,0.02422497188830607
565241.0,0.024440201495300382
565306.0,0.024440201495300382
565317.0,0.024440201495300382
565327.0,0.024440201495300382
565342.0,0.024440201495300382
565362.0,0.024440201495300382
565376.0,0.016286226647837493
565386.0,0.016286226647837493
565389.0,0.016286226647837493
565393.0,0.016286226647837493
565431.0,0.024440201495300382
565458.0,0.024440201495300382
565462.0,0.02422497188830607
565483.0,0.016286226647837493
565498.0,0.024440201495300382
565538.0,0.016286226647837493
565598.0,0.016286226647837493
565641.0,0.024440201495300382
565670.0,0.024440201495300382
565699.0,0.016286226647837493
565715.0,0.016286226647837493
565718.0,0.016286226647837493
565739.0,0.024440201495300382
565757.0,0.016286226647837493
565787.0,0.016286226647837493
565796.0,0.016286226647837493
565806.0,0.016286226647837493
565845.0,0.024440201495300382
565850.0,0.024440201495300382
565886.0,0.024440201495300382
565899.0,0.016286226647837493
565918.0,0.016286226647837493
565956.0,0.016286226647837493
565994.0,0.016286226647837493
566012.0,0.024440201495300382
566026.0,0.016286226647837493
566069.0,0.024440201495300382
566075.0,0.016286226647837493
566086.0,0.024440201495300382
566150.0,0.024440201495300382
566173.0,0.016286226647837493
566204.0,0.016286226647837493
566211.0,0.02422497188830607
566273.0,0.02422497188830607
566276.0,0.024440201495300382
566315.0,0.024440201495300382
566389.0,0.016286226647837493
566395.0,0.016286226647837493
566400.0,0.016286226647837493
566428.0,0.02422497188830607
566492.0,0.013743789764968184
566516.0,0.024440201495300382
566536.0,0.016286226647837493
566542.0,0.016286226647837493
566576.0,0.016286226647837493
566583.0,0.016286226647837493
566606.0,0.016286226647837493
566637.0,0.016286226647837493
566672.0,0.016286226647837493
566674.0,0.016286226647837493
566679.0,0.016286226647837493
566693.0,0.016286226647837493
566725.0,0.013743789764968184
566729.0,0.016286226647837493
566755.0,0.016286226647837493
566779.0,0.016286226647837493
566781.0,0.016286226647837493
566834.0,0.024440201495300382
566836.0,0.016286226647837493
566838.0,0.016286226647837493
566840.0,0.016286226647837493
566874.0,0.016286226647837493
566880.0,0.016286226647837493
566883.0,0.016286226647837493
566889.0,0.024440201495300382
566901.0,0.016286226647837493
566925.0,0.024440201495300382
566935.0,0.024440201495300382
566949.0,0.016286226647837493
566966.0,0.016286226647837493
566981.0,0.016286226647837493
566999.0,0.016286226647837493
567000.0,0.016286226647837493
567003.0,0.016286226647837493
567010.0,0.016286226647837493
567108.0,0.016286226647837493
567119.0,0.016286226647837493
567121.0,0.016286226647837493
567126.0,0.016286226647837493
567141.0,0.016286226647837493
567143.0,0.016286226647837493
567162.0,0.016286226647837493
567172.0,0.016286226647837493
567186.0,0.016286226647837493
567193.0,0.016286226647837493
567200.0,0.016286226647837493
567234.0,0.024440201495300382
567273.0,0.016286226647837493
567311.0,0.016286226647837493
567324.0,0.016286226647837493
567349.0,0.024440201495300382
567353.0,0.016286226647837493
567375.0,0.024440201495300382
567403.0,0.016286226647837493
567432.0,0.016286226647837493
567446.0,0.016286226647837493
567448.0,0.016286226647837493
567539.0,0.016286226647837493
567583.0,0.016286226647837493
567592.0,0.016286226647837493
567595.0,0.016286226647837493
567601.0,0.016286226647837493
567607.0,0.016286226647837493
567616.0,0.016286226647837493
567620.0,0.016286226647837493
567631.0,0.016286226647837493
567650.0,0.016286226647837493
567654.0,0.016286226647837493
567663.0,0.016286226647837493
567667.0,0.016286226647837493
567724.0,0.016286226647837493
567741.0,0.016286226647837493
567786.0,0.016286226647837493
567797.0,0.016286226647837493
567798.0,0.016286226647837493
567799.0,0.024440201495300382
567816.0,0.016286226647837493
567823.0,0.016286226647837493
567827.0,0.016286226647837493
567835.0,0.016286226647837493
567854.0,0.016286226647837493
567876.0,0.016286226647837493
567927.0,0.016286226647837493
567956.0,0.024440201495300382
567957.0,0.016286226647837493
567983.0,0.016286226647837493
567995.0,0.02422497188830607
568013.0,0.013743789764968184
568063.0,0.016286226647837493
568085.0,0.016286226647837493
568089.0,0.016286226647837493
568108.0,0.024440201495300382
568114.0,0.024440201495300382
568117.0,0.024440201495300382
568205.0,0.016286226647837493
568211.0,0.016286226647837493
568216.0,0.024440201495300382
568224.0,0.02422497188830607
568240.0,0.024440201495300382
568255.0,0.024440201495300382
568259.0,0.024440201495300382
568267.0,0.02422497188830607
568276.0,0.013743789764968184
568280.0,0.024440201495300382
568298.0,0.016286226647837493
568341.0,0.02422497188830607
568349.0,0.024440201495300382
568379.0,0.024440201495300382
568380.0,0.024440201495300382
568387.0,0.016286226647837493
568398.0,0.024440201495300382
568401.0,0.016286226647837493
568425.0,0.024440201495300382
568440.0,0.016286226647837493
568466.0,0.024440201495300382
568484.0,0.024440201495300382
568486.0,0.016286226647837493
568500.0,0.013743789764968184
568511.0,0.016286226647837493
568533.0,0.024440201495300382
568554.0,0.016286226647837493
568558.0,0.016286226647837493
568580.0,0.024440201495300382
568586.0,0.024440201495300382
568596.0,0.016286226647837493
568619.0,0.024440201495300382
568634.0,0.024440201495300382
568644.0,0.024440201495300382
568648.0,0.016286226647837493
568664.0,0.016286226647837493
568691.0,0.016286226647837493
568713.0,0.016286226647837493
568735.0,0.016286226647837493
568741.0,0.016286226647837493
568747.0,0.016286226647837493
568758.0,0.016286226647837493
568785.0,0.016286226647837493
568812.0,0.016286226647837493
568821.0,0.016286226647837493
568842.0,0.016286226647837493
568856.0,0.016286226647837493
568883.0,0.016286226647837493
568908.0,0.016286226647837493
568910.0,0.016286226647837493
568933.0,0.02422497188830607
568942.0,0.024440201495300382
568977.0,0.016286226647837493
568979.0,0.016286226647837493
569004.0,0.016286226647837493
578075.0,0.1127560947186745
626980.0,0.5105544584131548
630837.0,0.05235405265842849
681488.0,0.20422870005282712
733159.0,0.16371622463018803
786443.0,13.84709506029101
786449.0,13.677486954279377
786469.0,7.384344162669544
786472.0,10.236566850943179
786475.0,10.084504708086037
786502.0,7.754147801636788
786511.0,7.55099563477587
786531.0,6.80423991350153
786574.0,6.134975048904482
786610.0,5.485116273594826
786644.0,4.765319509961141
786659.0,5.084758593807294
786669.0,4.429082982711733
786690.0,4.625366715041495
786706.0,4.47891627402826
786724.0,4.3312492117640105
786731.0,4.486636164584899
786746.0,4.2450061338906195
786763.0,4.112957338979931
786777.0,4.162861189276411
786860.0,3.6267457598962785
786874.0,3.664304672827174
786878.0,3.651744657494751
786920.0,3.459211009565882
786954.0,3.464403207005414
786976.0,3.322148857876732
786979.0,3.231348259713284
787055.0,3.678677187395938
787063.0,2.9642542152292157
787064.0,2.972825369449094
787069.0,2.678511054045284
787074.0,3.144683639096113
787081.0,1.8942407320165209
787180.0,2.829350791855203
787223.0,2.7800354259139555
787231.0,2.8267977075775104
787233.0,2.706166565466697
787235.0,2.8498646989195016
787246.0,2.732147326260341
787269.0,2.535636664046309
787275.0,2.6972216899943016
787294.0,2.679645752043364
787297.0,2.5690319361370486
787370.0,1.4916069963941287
787407.0,2.7103741519849267
787409.0,2.3319637966814755
787418.0,1.4590116003441005
787431.0,2.364268836832673
787436.0,2.7010513498279325
787445.0,2.39455520794565
787451.0,2.374227463654766
787455.0,2.3398448445955493
787477.0,2.3419916404166874
787490.0,2.3138576446433685
787496.0,2.4042104363773475
787504.0,2.476236802951951
787535.0,2.419352586171999
787536.0,2.1794044661002054
787537.0,2.2519971331605273
787547.0,2.0609835735536386
787554.0,2.250352546970573
787570.0,2.0654921633758407
787589.0,2.2334948637546668
787616.0,2.15982000443571
787619.0,2.206679159374767
787639.0,2.0985997418843625
787647.0,2.3207391052106647
787664.0,1.833589236187788
787676.0,2.121946431769984
787682.0,2.0814823817530135
787687.0,2.3088658246023837
787729.0,2.01908761357064
787801.0,1.992234268397581
787810.0,2.1975573159460082
787823.0,1.9353170744778103
787825.0,1.9264529584506482
787829.0,1.922719445636063
787973.0,1.8616188725794591
787982.0,1.7586456587078023
787984.0,1.8852350268685563
788032.0,1.8029164845899721
788052.0,1.8823438945282454
788060.0,1.7126148811809996
788070.0,1.8510173207433318
788071.0,1.7675097080287754
788105.0,1.9590808213441187
788111.0,1.8164547380847618
788115.0,1.7293626550659527
788152.0,1.3394473634372162
788199.0,0.6737622567672874
788229.0,1.7470278305707023
788233.0,1.615001258859315
788263.0,1.680251654952408
788281.0,1.6171013352707786
788307.0,1.638041929993516
788316.0,1.1633161142244857
788366.0,1.5794902053420434
788373.0,1.6876496767065923
788423.0,1.5536867792949476
788427.0,1.6432134038218025
788429.0,1.5785400885575607
788433.0,1.5781027574864956
788492.0,1.4573209936979763
788526.0,1.5702232426141023
788544.0,0.8224279607772506
788578.0,1.4875916934983036
788586.0,1.4431866732142007
788601.0,1.353780097896596
788610.0,1.5593546353517487
788624.0,1.4834010757079126
788642.0,1.4439339805836697
788649.0,1.5813461362549868
788663.0,1.4568402177884436
788696.0,1.4269700695909462
788708.0,1.4730198323641202
788717.0,1.4699556696081704
788722.0,1.5066742457811828
788739.0,1.4807271138757756
788820.0,1.4053276464654827
788843.0,0.8537622733161689
788874.0,1.3921925793152439
788933.0,1.3589177054628891
788992.0,1.4372468875236124
789057.0,1.302183891690803
789058.0,1.2458395103853774
789063.0,1.092868911306435
789115.0,1.3442247237879057
789123.0,1.312943676453203
789126.0,1.3346509039953185
789186.0,1.3091308690866539
789231.0,1.2866750992728657
789244.0,1.362528432528263
789261.0,1.2677234535858342
789276.0,1.2823096056240886
789286.0,1.2901062353676147
789299.0,1.3037334886936012
789318.0,1.3311891380152057
789353.0,1.242861708141168
789366.0,1.2622270978353358
789369.0,1.2421903550216835
789438.0,1.240403744602984
789445.0,1.3121915784917306
789517.0,1.2342131055154406
789535.0,1.1338773693658206
789555.0,1.2507857343904538
789566.0,1.2918779202741704
789576.0,1.2918779202741704
789611.0,1.200520374801505
789623.0,1.2622553264790761
789642.0,1.1850215352702853
789740.0,1.0119158911762474
789763.0,1.155099904700711
789769.0,1.1512998607872804
789771.0,1.183023116461485
789782.0,1.1402235749006298
789794.0,1.0975866731578736
789822.0,1.1030272635123768
789834.0,1.083629552077083
789837.0,1.1189146470724038
789844.0,0.7856845132998547
789846.0,1.1607403016423772
789848.0,1.090894420572286
789861.0,1.1775822456835252
789870.0,1.081009445306661
789871.0,1.1045887012830706
789884.0,1.2003656225718728
789927.0,1.070562331963456
789940.0,1.2090065363386184
789947.0,1.05751973919406
789954.0,1.1071214830348586
789960.0,1.050965431593215
789963.0,1.0692545954730575
789984.0,1.1419761751990858
790034.0,1.0694767839493786
790038.0,1.0112215568951328
790050.0,1.0141132111485105
790068.0,1.0490155119292814
790080.0,1.0472820199420705
790083.0,1.077106944706861
790129.0,1.164937027694528
790137.0,1.0363661047856454
790141.0,1.0636196867018486
790147.0,1.1715788891663892
790196.0,1.1039520292337095
790202.0,0.8497742176336448
790210.0,1.030868206981192
790267.0,1.1031708038663692
790284.0,1.0319463920798555
790288.0,1.0586085940645065
790291.0,1.0681611850418302
790299.0,1.0263897196641574
790368.0,1.0539556445589213
790381.0,0.729751210532888
790415.0,0.9512328690410348
790451.0,0.951077969218635
790454.0,0.9639715142140223
790457.0,1.0377106341367215
790480.0,0.924560466664267
790493.0,1.0020292246493794
790504.0,0.9132042805977918
790519.0,1.089996555075944
790527.0,0.9793223320961125
790541.0,0.9418737767727916
790546.0,0.99580999398823
790574.0,0.9614929288132126
790585.0,0.9693354926621567
790607.0,0.8329746302962353
790621.0,0.9822493457115697
790641.0,0.9261782539273714
790658.0,0.9129670189923347
790666.0,0.9330877332524125
790671.0,0.9525845913525072
790691.0,0.9796284304816706
790717.0,0.6808420623153678
790742.0,0.6508690532745053
790753.0,0.6866209557947529
790778.0,0.8819873484723851
790795.0,0.9547837079937235
790796.0,0.9197049217937829
790884.0,0.9335510420492885
790885.0,0.9207780079955916
790897.0,0.9117877405373964
790907.0,0.8458991193086791
790917.0,0.9104078118092316
790937.0,0.9569990212099988
790939.0,0.8346275358184347
790942.0,0.8776733703146654
790952.0,0.9115833814764818
790954.0,0.7823573488364864
790956.0,0.9352879348851316
790972.0,0.9018170226781292
790973.0,0.9308636747705187
791023.0,0.6914389458465915
791037.0,0.861416119546483
791075.0,0.8655166240919324
791080.0,0.9291569126316991
791085.0,0.9121672360387527
791111.0,0.8610727316976837
791141.0,0.9636014288142833
791145.0,0.8668917249435748
791154.0,0.862576317960913
791169.0,0.8524303336968732
791173.0,0.934854373959374
791188.0,0.8344378188765986
791204.0,0.44313557872099435
791214.0,0.7752931862697041
791243.0,0.8747636119117285
791250.0,0.7891797007777172
791252.0,0.8546584709899001
791323.0,0.8280413350060059
791349.0,0.7674937586733265
791361.0,0.8700436157161476
791381.0,0.8758532428688067
791437.0,0.8534178925905641
791445.0,0.8069133811163929
791446.0,0.8708042981575522
791476.0,0.8015892140975474
791486.0,0.8199162162677922
791493.0,0.7732826926491146
791495.0,0.8301790956265953
791505.0,0.7510031768021819
791518.0,0.8267763366711007
791519.0,0.805335210894116
791572.0,0.8855906179785129
791588.0,0.8009729464016199
791616.0,0.8301790956265953
791661.0,0.8250159964761583
791662.0,0.8033644117472981
791689.0,0.792641757650254
791705.0,0.7340295710079995
791707.0,0.7691151861174227
791731.0,0.7772483838759663
791747.0,0.803042941235779
791805.0,0.7535033325564306
791872.0,0.7761986184477795
791874.0,0.8482740602739648
791911.0,0.7530286842107481
791919.0,0.7651326780933041
791922.0,0.7522628152705242
791991.0,0.7805183123162016
791996.0,0.7329854751772011
792008.0,0.7522628152705242
792014.0,0.7522628152705242
792019.0,0.7458379024289872
792029.0,0.7424992951120489
792044.0,0.7166664555960209
792069.0,0.7660337018316566
792070.0,0.7380980491649476
792073.0,0.704620179646325
792101.0,0.7242126192148484
792118.0,0.72324583573251
792140.0,0.7453163409435174
792142.0,0.7696979244145576
792150.0,0.7069288381688018
792171.0,0.7405190282838073
792187.0,0.7405190282838073
792223.0,0.670766258013011
792241.0,0.7898369128288725
792253.0,0.7418425703645742
792255.0,0.7316142094079012
792274.0,0.702520721109646
792289.0,0.8399264188443135
792304.0,0.7122858692498062
792378.0,0.7259947550488293
792399.0,0.7642329902241585
792403.0,0.7122711321647227
792428.0,0.6508213245787272
792452.0,0.7120133559744248
792456.0,0.6947371020944411
792485.0,0.7302585604547999
792494.0,0.7206531920231106
792502.0,0.7043601996008247
792580.0,0.6965387212156777
792665.0,0.7192814825088801
792669.0,0.6435559137669908
792687.0,0.6274352531802195
792698.0,0.6700915822600105
792715.0,0.6714977339494373
792727.0,0.7862012999001569
792732.0,0.6207386743576333
792740.0,0.6463135478158958
792749.0,0.6718171917903645
792763.0,0.6003875553071589
792795.0,0.6554307822109413
792802.0,0.6776111605959397
792813.0,0.5401950257372886
792841.0,0.7607299839841251
792843.0,0.6556302026296709
792861.0,0.6419859659053077
792868.0,0.6558644334283086
792879.0,0.6350710388997198
792892.0,0.5990270795959138
792894.0,0.6135975445039763
792942.0,0.6027648894587685
792946.0,0.6759315164539456
793032.0,0.6364495998462925
793041.0,0.6240838164103778
793044.0,0.6082495420455281
793045.0,0.6603323506675376
793070.0,0.6553554138204655
793180.0,0.6037497297676687
793192.0,0.6616428811480045
793194.0,0.5314030554559185
793204.0,0.6052988194781939
793252.0,0.5776999427428033
793264.0,0.5662793262359611
793271.0,0.6394169785600636
793278.0,0.621245456881556
793290.0,0.6136157052590474
793308.0,0.6132107426082765
793312.0,0.6191992254516447
793319.0,0.6474024622348439
793384.0,0.6383856677391234
793401.0,0.6385845636925729
793411.0,0.6132107426082765
793441.0,0.617082585133283
793445.0,0.6024496339480531
793464.0,0.6464129468382569
793531.0,0.6014828925962652
793533.0,0.6072891019442982
793539.0,0.5862183772860464
793613.0,0.5993646121452852
793618.0,0.6130652748048727
793649.0,0.5834790915717608
793658.0,0.5865190551388153
793731.0,0.5447593556015182
793740.0,0.572484088756386
793762.0,0.5484704219380679
793763.0,0.6039609007221669
793776.0,0.6061332569601832
793784.0,0.5700076238699471
793888.0,0.5538911296346031
793917.0,0.6798146765217637
793920.0,0.5711030758951869
793963.0,0.5771062544188841
793973.0,0.5251702386563595
793992.0,0.5653987482837045
794003.0,0.5771062544188841
794017.0,0.5815023035568844
794025.0,0.5757412593135723
794031.0,0.5599337120890866
794058.0,0.5726066080063966
794078.0,0.605835571215266
794092.0,0.5973831611969951
794099.0,0.5629874325056651
794102.0,0.5826013268599852
794179.0,0.5691811848759474
794195.0,0.5815023035568844
794199.0,0.5737567741942218
794226.0,0.5085999546612742
794275.0,0.49273793710114866
794277.0,0.5815023035568844
794335.0,0.5617152892171469
794358.0,0.5504593996415328
794385.0,0.5222710070631624
794388.0,0.5412174572523136
794409.0,0.5604528983180906
794410.0,0.49727708966685064
794414.0,0.5441959284019828
794430.0,0.5607455456274032
794433.0,0.5558258506757562
794455.0,0.5694033905972428
794473.0,0.5508456304866157
794476.0,0.5243264538515574
794489.0,0.5402231433843936
794502.0,0.44327754533102603
794519.0,0.5481819365443753
794552.0,0.5644181155179109
794565.0,0.5878171080834421
794570.0,0.5249937533142489
794584.0,0.424982263705153
794598.0,0.5550898840090895
794610.0,0.5614411235272382
794618.0,0.5486487095188738
794702.0,0.5243264538515574
794758.0,0.5324967693417697
794779.0,0.5077867853852973
794788.0,0.44084045130233834
794792.0,0.5243264538515574
794813.0,0.5188813793797824
794820.0,0.5387896763079257
794835.0,0.4970824415412012
794873.0,0.49457824488862223
794896.0,0.5273329621916303
794912.0,0.5490916587241617
794925.0,0.5404749714145213
795030.0,0.49626122155066743
795038.0,0.5160766049946317
795039.0,0.4257776776622822
795047.0,0.518826591639925
795071.0,0.5141872134409288
795078.0,0.4985176456294774
795109.0,0.47621742795475663
795116.0,0.5011840085439885
795128.0,0.5220338804446361
795135.0,0.5042300856531183
795152.0,0.47166018937876125
795154.0,0.5082910809549898
795155.0,0.4995315008580334
795169.0,0.515740236360217
795174.0,0.49891134927445635
795187.0,0.516340650568321
795189.0,0.476890335556578
795214.0,0.5023946864326031
795257.0,0.5022050696580744
795275.0,0.500798111108091
795283.0,0.4847855970790814
795286.0,0.48958006893186573
795334.0,0.4388508971267373
795361.0,0.5034283030059251
795378.0,0.48355867017123766
795391.0,0.49630383954807117
795416.0,0.5022050696580744
795429.0,0.5043516390967843
795441.0,0.4404903487641949
795449.0,0.4706375084270057
795458.0,0.47992523286215083
795466.0,0.47165263256310824
795494.0,0.49130537571311916
795502.0,0.4835131272103027
795519.0,0.47624821607238454
795532.0,0.4827863659422137
795533.0,0.4876349352077103
795556.0,0.4693104546400055
795585.0,0.5034903753605204
795601.0,0.5083451435363742
795612.0,0.48933607890862424
795660.0,0.4761616482594962
795718.0,0.4460149037973191
795732.0,0.48058708173707515
795763.0,0.455562704655832
795796.0,0.44517584802882376
795812.0,0.4895989330609505
795826.0,0.4964510644176834
795828.0,0.5352065628020677
795840.0,0.41993420711257734
795852.0,0.41895519607039516
795854.0,0.47752778771467824
795856.0,0.44962338752176856
795870.0,0.4829653377513313
795896.0,0.3830909568318484
795899.0,0.46013209848899606
795940.0,0.4822612445829904
795952.0,0.4641710579517693
795959.0,0.4536617544342936
795982.0,0.4324442359188624
795989.0,0.43876914987274035
796001.0,0.48679273592739625
796002.0,0.4400674650173135
796033.0,0.46194540686991986
796088.0,0.3762939470332203
796136.0,0.45370064533899923
796142.0,0.4589232037074914
796164.0,0.47969378807033486
796187.0,0.4641710579517693
796248.0,0.4283119448129117
796263.0,0.4322511803633068
796267.0,0.4623116721765859
796314.0,0.4524990113743975
796315.0,0.45622631384869194
796325.0,0.42635067201615584
796343.0,0.42256299035371647
796364.0,0.42877444481291166
796385.0,0.39582459148243204
796438.0,0.4380675008355702
796452.0,0.4034266849046231
796454.0,0.4414239626684502
796480.0,0.42240655694278173
796570.0,0.4641710579517693
796594.0,0.43107878480427353
796608.0,0.39041307350637394
796650.0,0.41609545846049883
796665.0,0.4204367491088394
796715.0,0.4034266849046231
796726.0,0.4272224081177191
796742.0,0.4387160973267983
796761.0,0.36300517436058277
796826.0,0.42104092990851044
796830.0,0.4344709601560075
796833.0,0.44210532775001604
796858.0,0.3745700960060331
796861.0,0.41248674935926716
796871.0,0.43509208511037606
796893.0,0.4192023912570702
796908.0,0.45624159632086103
796912.0,0.42104092990851044
796925.0,0.43901043653860694
796939.0,0.44173282775001604
796945.0,0.41932502905303076
796967.0,0.4343714280420461
796997.0,0.4204164026076024
796998.0,0.37301767469787633
797005.0,0.4534956759427295
797025.0,0.46272999850406527
797051.0,0.4067949649649181
797053.0,0.43901043653860694
797063.0,0.4071337563560556
797094.0,0.37086678332995304
797101.0,0.4072131106741452
797127.0,0.4075828919555065
797129.0,0.3955658932298327
797204.0,0.4071337563560556
797218.0,0.44926380764478246
797233.0,0.41199748492203375
797295.0,0.4520097539218055
797353.0,0.38278010866323486
797389.0,0.3940205469094864
797410.0,0.33804207706179545
797411.0,0.39542696505680425
797412.0,0.3906332178310077
797416.0,0.38895597501790147
797418.0,0.37816489888653537
797448.0,0.43859389313826924
797484.0,0.39085732645841353
797493.0,0.39962184768385195
797522.0,0.4074684927112822
797527.0,0.402663406825885
797542.0,0.43797583384622546
797590.0,0.4621881582484248
797615.0,0.4447806552718228
797621.0,0.38278010866323486
797633.0,0.3639629933630497
797652.0,0.4831920597609984
797668.0,0.39488057865755066
797687.0,0.38278010866323486
797691.0,0.389446827511439
797699.0,0.42842383467170236
797707.0,0.38221967258848677
797710.0,0.4089330492594279
797739.0,0.38278010866323486
797785.0,0.38555752226032264
797789.0,0.4042398365210139
797790.0,0.4012516725864222
797813.0,0.4063969141187939
797819.0,0.39940780355127375
797845.0,0.42586105829798404
797920.0,0.42447339074664897
797924.0,0.38772551014958945
797946.0,0.3416953601349638
797972.0,0.3800153673066917
797976.0,0.3870560900267016
798013.0,0.3836546416655046
798072.0,0.3836546416655046
798075.0,0.3423360495047861
798083.0,0.38278010866323486
798093.0,0.3723066709295694
798112.0,0.34457656016991833
798115.0,0.36745517947921724
798119.0,0.38229898552563796
798134.0,0.37209881795089284
798148.0,0.37056225761805317
798199.0,0.3210595786952484
798205.0,0.36754699511548844
798207.0,0.3631718463264893
798234.0,0.36072811432581536
798239.0,0.47266080509899383
798267.0,0.35459916558965515
798292.0,0.3631718463264893
798317.0,0.3239313144701254
798350.0,0.4112087683583374
798387.0,0.3824478036378088
798412.0,0.3518511988093721
798447.0,0.31324544470354143
798473.0,0.3487861848885785
798508.0,0.4365392314457043
798530.0,0.3354556020164721
798546.0,0.3549552090158224
798547.0,0.36813568941822017
798554.0,0.3712834243350786
798556.0,0.40540129854863954
798600.0,0.3560741133579976
798653.0,0.3451793517356832
798679.0,0.3451793517356832
798686.0,0.4175549615781345
798689.0,0.34668357200616945
798727.0,0.3382222657567837
798737.0,0.3593046714763081
798739.0,0.38392346153254564
798741.0,0.547668686397313
798778.0,0.35545509497359246
798802.0,0.3668871619869072
798893.0,0.2831122600892947
798895.0,0.3220536734852373
798902.0,0.3679987460376777
798935.0,0.3608701578888638
798956.0,0.3265153766463474
799037.0,0.36727652381545545
799039.0,0.353471610642715
799049.0,0.3676107600444148
799054.0,0.3451793517356832
799070.0,0.3367449750748518
799087.0,0.29762739820524575
799150.0,0.16979220258554192
799158.0,0.3347788274221301
799172.0,0.3186313799339535
799192.0,0.33567033002555996
799198.0,0.32985695969950996
799205.0,0.3233583618370563
799268.0,0.33567033002555996
799309.0,0.3435449997587196
799312.0,0.3135998972918414
799324.0,0.353471610642715
799336.0,0.33767046527093014
799383.0,0.33567033002555996
799452.0,0.3362047590636007
799476.0,0.26923617380385456
799481.0,0.3625781273480238
799487.0,0.30959347818302285
799495.0,0.32497557788661957
799500.0,0.29664672593633823
799519.0,0.29664672593633823
799555.0,0.3360544718589753
799560.0,0.3504899511539191
799571.0,0.3113976112328315
799573.0,0.31176511629541076
799598.0,0.2866473995900817
799686.0,0.29664672593633823
799700.0,0.32785480506528564
799738.0,0.2944256177154816
799742.0,0.32650008284306337
799746.0,0.3101008229697918
799748.0,0.2657130231191729
799765.0,0.3047411197955097
799793.0,0.30226124760566403
799811.0,0.32650008284306337
799830.0,0.3084505910038155
799832.0,0.2936200416021114
799857.0,0.32650008284306337
799861.0,0.35205888267813995
799862.0,0.3001079743898961
799871.0,0.30226124760566403
799878.0,0.44844340169550556
799895.0,0.32980431672223737
799983.0,0.30514366192687425
800014.0,0.21127798738947345
800033.0,0.32211739490583935
800046.0,0.3001079743898961
800063.0,0.34330282787551347
800066.0,0.3084505910038155
800136.0,0.3084505910038155
800197.0,0.2320878233251775
800204.0,0.293669679839732
800243.0,0.3000669369848683
800251.0,0.31744224898270706
800265.0,0.3417529575986846
800323.0,0.3000669369848683
800336.0,0.28804991139604436
800337.0,0.3545139773171663
800358.0,0.24438631445881723
800382.0,0.26367181612665447
800385.0,0.2909802382855421
800389.0,0.28759714058747726
800391.0,0.301435128303798
800400.0,0.23560555662034802
800403.0,0.3545139773171663
800413.0,0.2908428469811943
800417.0,0.2374341973841815
800438.0,0.24565373291319456
800440.0,0.2840903739215721
800457.0,0.2829847105853531
800460.0,0.2869559572868157
800461.0,0.2941305199028597
800493.0,0.2923427884412055
800516.0,0.2983983223142043
800526.0,0.28717120504035576
800536.0,0.26462315623471416
800563.0,0.2871198932399405
800572.0,0.27794647006594303
800583.0,0.2908428469811943
800606.0,0.286943172333509
800611.0,0.29128852058469923
800621.0,0.28729567233350906
800636.0,0.314245364176078
800662.0,0.1708191793714407
800682.0,0.2908428469811943
800726.0,0.29393232844060824
800735.0,0.29095537486553547
800769.0,0.29138772780671196
800817.0,0.2866742196364356
800818.0,0.28339712763800595
800823.0,0.31806169657301325
800843.0,0.29393232844060824
800846.0,0.3088212406315417
800849.0,0.28698394632635227
800903.0,0.2907556157296884
800912.0,0.24072869704512012
800924.0,0.3503370835244937
800927.0,0.2542446634425914
800948.0,0.25955183238530205
800989.0,0.29652128819346946
801014.0,0.2866742196364356
801030.0,0.29212559236862334
801040.0,0.276055067743236
801048.0,0.2815961718276668
801052.0,0.27423761927091034
801125.0,0.22295476670018366
801126.0,0.29652128819346946
801157.0,0.23706354558271223
801161.0,0.26528067017799634
801199.0,0.29652128819346946
801259.0,0.2790828159761812
801289.0,0.27459011927091037
801299.0,0.26079379442208894
801328.0,0.26702574003818097
801329.0,0.2743102797582958
801336.0,0.2759263282914457
801347.0,0.27437334660974444
801376.0,0.2790828159761812
801385.0,0.2844329063711294
801393.0,0.2708916386708387
801423.0,0.27437334660974444
801425.0,0.2503380064257527
801426.0,0.18941512905397537
801430.0,0.23097107067213166
801456.0,0.26079379442208894
801458.0,0.2745385724005079
801461.0,0.22397843677850862
801475.0,0.2574816556445898
801485.0,0.19181425704649832
801506.0,0.1857740248566455
801517.0,0.28674489647144
801538.0,0.250601321643144
801562.0,0.1928818752304126
801565.0,0.26367181612665447
801588.0,0.25830193082029784
801626.0,0.27437334660974444
801630.0,0.28674489647144
801633.0,0.26605758445251937
801636.0,0.2829669399392384
801647.0,0.2829669399392384
801652.0,0.21991898100801804
801686.0,0.2574647913805101
801692.0,0.26367181612665447
801693.0,0.27437334660974444
801696.0,0.26367181612665447
801736.0,0.2638479064796756
801752.0,0.25647258405651036
801773.0,0.25424197578192886
801792.0,0.27398778979170324
801825.0,0.2522440536792135
801865.0,0.24323435489811207
801875.0,0.2436300224033115
801876.0,0.2578562572167929
801893.0,0.2578562572167929
801940.0,0.2844831547213748
801944.0,0.2522440536792135
801957.0,0.26635951179910267
802009.0,0.2408706271514955
802073.0,0.26367181612665447
802076.0,0.2578562572167929
802080.0,0.25303287804541735
802097.0,0.2699508881389999
802105.0,0.190917674555775
802113.0,0.24929874035258381
802115.0,0.26964765284488235
802121.0,0.26964765284488235
802129.0,0.2382784938163006
802174.0,0.1847781652706869
802175.0,0.25645559471118023
802191.0,0.2602277590066879
802221.0,0.1641591291884817
802228.0,0.24922381997339266
802256.0,0.2385418090336919
802257.0,0.2127710197024293
802295.0,0.2382784938163006
802297.0,0.2363505671164453
802308.0,0.21516849487600223
802322.0,0.18731420436866386
802324.0,0.190917674555775
802340.0,0.23661059133373233
802356.0,0.2385418090336919
802362.0,0.26400294202396174
802440.0,0.25645559471118023
802446.0,0.2627464264975693
802450.0,0.22609415095742455
802469.0,0.2402659900684512
802481.0,0.24323435489811207
802490.0,0.2382784938163006
802495.0,0.2382784938163006
802505.0,0.1966607104839692
802551.0,0.25417444714138304
802557.0,0.2503896654188422
802558.0,0.25645559471118023
802583.0,0.25645559471118023
802600.0,0.23521581845842954
802604.0,0.25215223963135147
802640.0,0.24400006648292447
802648.0,0.2616142045841994
802662.0,0.2631668116582315
802673.0,0.25319587679600614
802675.0,0.2423925435611416
802733.0,0.22965035005483542
802739.0,0.23177937427880965
802745.0,0.22965035005483542
802750.0,0.2701647998917405
802763.0,0.1939287998040922
802775.0,0.18727657035844505
802800.0,0.23180732641599022
802818.0,0.24323435489811207
802819.0,0.25645559471118023
802847.0,0.23222159177188867
802858.0,0.20854340214486158
802898.0,0.23177937427880965
802905.0,0.22442086102093284
802911.0,0.22553467589172993
802916.0,0.22965035005483542
802926.0,0.25422022743336237
802934.0,0.22442086102093284
802962.0,0.2537816175367469
802965.0,0.2150357990877777
802972.0,0.23291751783353087
802974.0,0.24317457564670314
802983.0,0.22253282574356542
802993.0,0.2596945089032789
803043.0,0.1856713333504662
803058.0,0.2605984740103368
803075.0,0.26113611598291164
803089.0,0.23870290106077074
803091.0,0.23776276154831816
803095.0,0.22397843677850862
803098.0,0.23657422650615686
803129.0,0.22713033468134267
803172.0,0.2404692385426358
803187.0,0.24323435489811207
803191.0,0.22397843677850862
803194.0,0.22397843677850862
803196.0,0.2355894671478681
803227.0,0.2355894671478681
803309.0,0.25645559471118023
803318.0,0.22965035005483542
803322.0,0.2315440111985989
803325.0,0.21221786398496142
803335.0,0.22965035005483542
803346.0,0.2543415825842722
803363.0,0.24349767011550338
803367.0,0.21808649332523555
803407.0,0.2404692385426358
803419.0,0.2355894671478681
803454.0,0.2025382174592729
803472.0,0.18682496716734182
803526.0,0.22965035005483542
803548.0,0.23399456971748894
803590.0,0.2164197798149566
803602.0,0.2315440111985989
803614.0,0.2315440111985989
803640.0,0.2315440111985989
803641.0,0.24323435489811207
803650.0,0.19418710320512786
803671.0,0.22343686427380052
803712.0,0.2025382174592729
803722.0,0.22433244620853746
803724.0,0.2297201173151727
803767.0,0.2249321556426889
803769.0,0.2371074862435652
803776.0,0.30426574934315964
803784.0,0.20479883810416089
803791.0,0.1608964696005623
803830.0,0.2443120173089401
803840.0,0.20479883810416089
803845.0,0.23336822673197838
803858.0,0.2161275478277246
803903.0,0.20767785419878115
803920.0,0.19092637908723348
803942.0,0.13050946316819492
803948.0,0.2279474568731147
803978.0,0.20479883810416089
803986.0,0.1608964696005623
803990.0,0.21492325159404715
803998.0,0.2025382174592729
804039.0,0.20479883810416089
804092.0,0.16629006187755274
804095.0,0.21492325159404715
804121.0,0.17138685683839938
804159.0,0.22965035005483542
804165.0,0.20479883810416089
804172.0,0.28278938752796184
804180.0,0.21492325159404715
804225.0,0.2309436312927037
804247.0,0.17432102447929143
804253.0,0.2870232021953694
804268.0,0.18976696096120885
804278.0,0.2309436312927037
804308.0,0.22965035005483542
804342.0,0.19825433752519672
804345.0,0.21965186625687264
804347.0,0.05448071502839077
804364.0,0.1608964696005623
804374.0,0.25010150245159385
804392.0,0.23383316649101452
804410.0,0.19213919575182026
804461.0,0.1987052406410682
804487.0,0.2626050714848126
804506.0,0.1998647793375898
804539.0,0.1981543375251967
804581.0,0.18976696096120885
804615.0,0.172242170364672
804629.0,0.18976696096120885
804658.0,0.20179435564055684
804667.0,0.1981543375251967
804697.0,0.18154296823599012
804706.0,0.18403952660090478
804732.0,0.1890612687370066
804737.0,0.21456759021838578
804769.0,0.172242170364672
804784.0,0.22535018620602051
804785.0,0.19641587425421714
804797.0,0.1981543375251967
804824.0,0.18367376870956348
804825.0,0.19690368317688087
804856.0,0.2025382174592729
804906.0,0.1981543375251967
804913.0,0.18976696096120885
804952.0,0.18660934667672133
804960.0,0.21456759021838578
804964.0,0.21456759021838578
805003.0,0.21456759021838578
805086.0,0.17138685683839938
805095.0,0.20191304658347803
805135.0,0.18095716382776686
805170.0,0.1355758119917619
805180.0,0.18953252218569866
805188.0,0.17576682862011384
805204.0,0.18082986790939948
805228.0,0.17138685683839938
805255.0,0.17154717381532758
805264.0,0.17138685683839938
805284.0,0.16371622463018803
805314.0,0.19839288044148412
805315.0,0.20191304658347803
805317.0,0.15570326264064788
805321.0,0.19099377093557968
805348.0,0.19099377093557968
805359.0,0.1905428678197082
805377.0,0.18351282665062332
805394.0,0.18953252218569866
805454.0,0.17138685683839938
805475.0,0.17576682862011384
805501.0,0.1355758119917619
805573.0,0.17123691535021654
805576.0,0.1888268299614964
805591.0,0.19839288044148412
805611.0,0.1905428678197082
805652.0,0.16371622463018803
805654.0,0.1127560947186745
805658.0,0.18706024979259278
805660.0,0.16629006187755274
805667.0,0.16841382675906047
805696.0,0.19839288044148412
805705.0,0.17527723833385686
805722.0,0.15661431619937613
805783.0,0.18660934667672133
805794.0,0.17138685683839938
805798.0,0.1754605716671902
805829.0,0.18143151816401468
805854.0,0.16371622463018803
805862.0,0.21398993047643924
805870.0,0.1803402776231425
805887.0,0.19236678523187475
805906.0,0.17138685683839938
805911.0,0.18660934667672133
805917.0,0.13918419390957582
805970.0,0.19839288044148412
805977.0,0.14867744130968272
805983.0,0.19236678523187475
806010.0,0.19839288044148412
806044.0,0.13133079818897708
806063.0,0.21264482200991822
806067.0,0.19717602063295916
806098.0,0.1815174254423788
806116.0,0.17138685683839938
806133.0,0.18706024979259278
806147.0,0.17932645424224616
806150.0,0.14095201746114605
806162.0,0.1815174254423788
806165.0,0.12281495606903967
806167.0,0.15400587716221184
806168.0,0.20173952522514327
806182.0,0.16817909393739916
806209.0,0.15286014967644382
806262.0,0.15286014967644382
806291.0,0.19236678523187475
806313.0,0.16245755458569558
806330.0,0.15286014967644382
806346.0,0.1017036184273445
806350.0,0.16629006187755274
806357.0,0.15645542298583673
806376.0,0.1815174254423788
806396.0,0.17138685683839938
806398.0,0.17527723833385686
806425.0,0.15606791257744404
806427.0,0.16213355083630954
806444.0,0.16841382675906047
806465.0,0.15645542298583673
806466.0,0.15645542298583673
806471.0,0.16629006187755274
806496.0,0.12040555187545648
806513.0,0.1017036184273445
806532.0,0.19236678523187475
806554.0,0.1664144208519117
806576.0,0.16245755458569558
806584.0,0.10299639224264295
806594.0,0.15197949821710863
806601.0,0.19236678523187475
806617.0,0.12687376386768515
806622.0,0.14989389982373486
806663.0,0.1127560947186745
806711.0,0.16817909393739916
806718.0,0.12687376386768515
806730.0,0.16817909393739916
806791.0,0.2513242505422716
806817.0,0.18351282665062332
806826.0,0.16817909393739916
806830.0,0.16213355083630954
806831.0,0.1815174254423788
806833.0,0.1815174254423788
806836.0,0.17123691535021654
806876.0,0.17123691535021654
806902.0,0.1700704923563671
806918.0,0.19459272337170586
806933.0,0.10733192561609933
806938.0,0.16213355083630954
806970.0,0.1017036184273445
807023.0,0.16213355083630954
807036.0,0.15286014967644382
807062.0,0.14705923938573887
807073.0,0.1815174254423788
807116.0,0.15645542298583673
807127.0,0.16213355083630954
807137.0,0.15286014967644382
807153.0,0.1127560947186745
807156.0,0.15645542298583673
807162.0,0.15286014967644382
807185.0,0.15645542298583673
807217.0,0.19614348894404554
807221.0,0.15286014967644382
807248.0,0.15429525804617786
807259.0,0.205420737027792
807288.0,0.09567108160245606
807333.0,0.1735132213729305
807334.0,0.16213355083630954
807379.0,0.19347891384789626
807382.0,0.0703866964844933
807383.0,0.16213355083630954
807391.0,0.16213355083630954
807395.0,0.13666304416058217
807445.0,0.12687376386768515
807456.0,0.2519553293706946
807470.0,0.01759022359145821
807508.0,0.14705923938573887
807511.0,0.15645542298583673
807514.0,0.14705923938573887
807518.0,0.14936684100020542
807519.0,0.14705923938573887
807527.0,0.10383095159216017
807534.0,0.14705923938573887
807535.0,0.1127560947186745
807539.0,0.14936684100020542
807561.0,0.1127560947186745
807564.0,0.08840978486428291
807577.0,0.14705923938573887
807579.0,0.14705923938573887
807597.0,0.14705923938573887
807609.0,0.15310270424416925
807622.0,0.12281495606903967
807645.0,0.17123691535021654
807646.0,0.17123691535021654
807649.0,0.17123691535021654
807664.0,0.17617820013473764
807684.0,0.15645542298583673
807689.0,0.17123691535021654
807691.0,0.12281495606903967
807709.0,0.1127560947186745
807715.0,0.13613598533705273
807722.0,0.14936684100020542
807724.0,0.05541786182232962
807744.0,0.1127560947186745
807749.0,0.17123691535021654
807755.0,0.12582006862046444
807756.0,0.17123691535021654
807840.0,0.17123691535021654
807869.0,0.14936684100020542
807894.0,0.14936684100020542
807906.0,0.12281495606903967
807909.0,0.12582006862046444
807918.0,0.15042591087723967
807923.0,0.12687376386768515
807933.0,0.16245755458569558
807944.0,0.14705923938573887
807977.0,0.15009743947834944
808005.0,0.1127560947186745
808023.0,0.12281495606903967
808029.0,0.14936684100020542
808030.0,0.14156202819497718
808032.0,0.01759022359145821
808033.0,0.17123691535021654
808075.0,0.1127560947186745
808085.0,0.14156202819497718
808161.0,0.12259519409582025
808190.0,0.10548900500600725
808218.0,0.1127560947186745
808250.0,0.15645542298583673
808263.0,0.15645542298583673
808267.0,0.23275587392950947
808281.0,0.16831546004874343
808305.0,0.1127560947186745
808322.0,0.013743789764968184
808372.0,0.1441465966499437
808374.0,0.15645542298583673
808378.0,0.15645542298583673
808382.0,0.13390773363774253
808404.0,0.11750279278671087
808467.0,0.19347891384789626
808514.0,0.16245755458569558
808523.0,0.14156202819497718
808533.0,0.11690927244566929
808537.0,0.136595922179158
808575.0,0.1127560947186745
808582.0,0.19116847883066698
808599.0,0.1127560947186745
808609.0,0.15645542298583673
808612.0,0.1127560947186745
808622.0,0.016286226647837493
808636.0,0.12261584605475787
808662.0,0.12261584605475787
808669.0,0.12253303106273235
808672.0,0.15645542298583673
808687.0,0.13565529391681858
808689.0,0.05541786182232962
808691.0,0.1127560947186745
808704.0,0.15645542298583673
808716.0,0.12281495606903967
808721.0,0.12261584605475787
808724.0,0.1441465966499437
808757.0,0.1127560947186745
808769.0,0.12261584605475787
808780.0,0.15645542298583673
808832.0,0.1127560947186745
808835.0,0.016286226647837493
808854.0,0.16973072588973395
808896.0,0.14156202819497718
808902.0,0.12281495606903967
808914.0,0.1441465966499437
808919.0,0.08900788244110981
808945.0,0.016286226647837493
808985.0,0.12261584605475787
809002.0,0.12261584605475787
809005.0,0.1127560947186745
809009.0,0.12261584605475787
809031.0,0.12109981940643838
809038.0,0.13900203574678371
809039.0,0.13900203574678371
809066.0,0.12109981940643838
809081.0,0.14257051915748772
809090.0,0.016286226647837493
809147.0,0.016286226647837493
809163.0,0.1311751400695848
809164.0,0.14383210074677943
809173.0,0.1127560947186745
809177.0,0.1311751400695848
809182.0,0.12109981940643838
809194.0,0.016286226647837493
809227.0,0.1311751400695848
809229.0,0.016286226647837493
809243.0,0.1311751400695848
809256.0,0.1311751400695848
809264.0,0.16284867331655078
809294.0,0.059192451449892644
809343.0,0.013743789764968184
809346.0,0.11253633274545508
809353.0,0.1127560947186745
809405.0,0.12533608107492814
809443.0,0.016286226647837493
809447.0,0.1311751400695848
809460.0,0.13682481074744912
809487.0,0.1369812640864757
809517.0,0.13411521367674473
809595.0,0.12109981940643838
809628.0,0.1369812640864757
809641.0,0.13746187854242595
809648.0,0.1127560947186745
809649.0,0.11253633274545508
809661.0,0.07871003207181147
809675.0,0.1222053948691387
809676.0,0.11253633274545508
809687.0,0.09803263081101962
809697.0,0.14118116150650015
809852.0,0.1127560947186745
809854.0,0.016286226647837493
809861.0,0.1127560947186745
809898.0,0.11253633274545508
809907.0,0.08840978486428291
809913.0,0.09567108160245606
809914.0,0.016286226647837493
809947.0,0.1127560947186745
810002.0,0.12109981940643838
810011.0,0.1127560947186745
810024.0,0.016286226647837493
810026.0,0.1127560947186745
810041.0,0.07706204868792638
810042.0,0.07944510318609538
810054.0,0.11253633274545508
810093.0,0.1369812640864757
810105.0,0.12109981940643838
810106.0,0.1369812640864757
810148.0,0.1369812640864757
810159.0,0.11253633274545508
810160.0,0.0765837581342309
810186.0,0.12266310254857864
810223.0,0.1127560947186745
810229.0,0.12266310254857864
810282.0,0.12266310254857864
810297.0,0.12266310254857864
810366.0,0.12266310254857864
810373.0,0.09567108160245606
810381.0,0.11253633274545508
810386.0,0.12266310254857864
810434.0,0.12487614423282288
810441.0,0.1127560947186745
810445.0,0.016286226647837493
810459.0,0.12266310254857864
810463.0,0.12109981940643838
810472.0,0.11207028802617838
810515.0,0.1207541934637536
810540.0,0.11428589861149586
810542.0,0.1127560947186745
810557.0,0.1369812640864757
810571.0,0.1127560947186745
810581.0,0.1369812640864757
810588.0,0.1127560947186745
810595.0,0.1127560947186745
810660.0,0.1127560947186745
810699.0,0.15544796950921366
810712.0,0.11253633274545508
810731.0,0.12266310254857864
810787.0,0.05360068988846744
810836.0,0.1127560947186745
810872.0,0.12266310254857864
810885.0,0.09567108160245606
810907.0,0.12266310254857864
810909.0,0.12266310254857864
810917.0,0.08840978486428291
810938.0,0.1127560947186745
810944.0,0.15165889983066122
810945.0,0.1127560947186745
810958.0,0.016286226647837493
810970.0,0.1127560947186745
810979.0,0.059192451449892644
810984.0,0.1127560947186745
811001.0,0.12266310254857864
811012.0,0.1127560947186745
811028.0,0.09567108160245606
811029.0,0.11265618957543262
811045.0,0.1127560947186745
811066.0,0.1127560947186745
811084.0,0.11253633274545508
811085.0,0.11265618957543262
811131.0,0.15793042256837903
811147.0,0.05235405265842849
811153.0,0.11664646149501003
811161.0,0.11253633274545508
811180.0,0.11664646149501003
811182.0,0.11231244488892347
811195.0,0.11656364650298451
811199.0,0.11664646149501003
811244.0,0.11265618957543262
811289.0,0.1127560947186745
811292.0,0.11265618957543262
811314.0,0.11265618957543262
811323.0,0.1319035208473663
811364.0,0.11265618957543262
811392.0,0.11477747587985104
811404.0,0.11656364650298451
811413.0,0.11265618957543262
811425.0,0.1127560947186745
811427.0,0.1127560947186745
811432.0,0.11253633274545508
811441.0,0.11656364650298451
811452.0,0.11265618957543262
811475.0,0.09567108160245606
811476.0,0.1127560947186745
811486.0,0.11265618957543262
811492.0,0.11664646149501003
811507.0,0.09567108160245606
811516.0,0.11656364650298451
811525.0,0.08840978486428291
811552.0,0.1127560947186745
811571.0,0.11265618957543262
811585.0,0.11231244488892347
811601.0,0.1127560947186745
811614.0,0.11265618957543262
811615.0,0.1127560947186745
811621.0,0.09742774687525241
811629.0,0.08840978486428291
811681.0,0.08840978486428291
811686.0,0.11664646149501003
811691.0,0.09567108160245606
811693.0,0.1127560947186745
811710.0,0.05235405265842849
811716.0,0.09567108160245606
811724.0,0.11253633274545508
811737.0,0.09866089972122788
811752.0,0.1127560947186745
811753.0,0.1127560947186745
811776.0,0.1127560947186745
811778.0,0.1127560947186745
811823.0,0.11265618957543262
811833.0,0.1127560947186745
811863.0,0.11656364650298451
811909.0,0.11265618957543262
811935.0,0.11253633274545508
811953.0,0.11231244488892347
811971.0,0.09794147569963543
811973.0,0.09567108160245606
812058.0,0.1127560947186745
812060.0,0.132364060612891
812064.0,0.08840978486428291
812073.0,0.09803263081101962
812084.0,0.09567108160245606
812152.0,0.09328014752485168
812182.0,0.08840978486428291
812203.0,0.09840141254174069
812208.0,0.08840978486428291
812222.0,0.08840978486428291
812224.0,0.09803263081101962
812234.0,0.09803263081101962
812256.0,0.08840978486428291
812263.0,0.09803263081101962
812272.0,0.09803263081101962
812277.0,0.11231244488892347
812279.0,0.09803263081101962
812320.0,0.08840978486428291
812331.0,0.1127560947186745
812346.0,0.11664646149501003
812384.0,0.11231244488892347
812387.0,0.08840978486428291
812392.0,0.07944510318609538
812397.0,0.09567108160245606
812416.0,0.08840978486428291
812421.0,0.11253633274545508
812427.0,0.11253633274545508
812430.0,0.08840978486428291
812443.0,0.11664646149501003
812449.0,0.09567108160245606
812470.0,0.11253633274545508
812495.0,0.08840978486428291
812502.0,0.11231244488892347
812506.0,0.11253633274545508
812509.0,0.09567108160245606
812515.0,0.11253633274545508
812517.0,0.1127560947186745
812538.0,0.09567108160245606
812547.0,0.05235405265842849
812580.0,0.09567108160245606
812585.0,0.09803263081101962
812593.0,0.09567108160245606
812602.0,0.11253633274545508
812622.0,0.11253633274545508
812625.0,0.08840978486428291
812627.0,0.09803263081101962
812638.0,0.11253633274545508
812642.0,0.025686838725339323
812658.0,0.08840978486428291
812681.0,0.11253633274545508
812702.0,0.09803263081101962
812706.0,0.1127560947186745
812724.0,0.09803263081101962
812755.0,0.057945814219853696
812756.0,0.09803263081101962
812764.0,0.09803263081101962
812788.0,0.11253633274545508
812793.0,0.09567108160245606
812826.0,0.09567108160245606
812873.0,0.09803263081101962
812894.0,0.09803263081101962
812910.0,0.09567108160245606
812920.0,0.1127560947186745
812925.0,0.09803263081101962
812932.0,0.08840978486428291
812944.0,0.11253633274545508
812946.0,0.11231244488892347
812967.0,0.11239525988094899
812983.0,0.09803263081101962
812995.0,0.09803263081101962
813042.0,0.13190412377078575
813047.0,0.11253633274545508
813087.0,0.132364060612891
813095.0,0.09567108160245606
813099.0,0.09803263081101962
813106.0,0.09803263081101962
813144.0,0.09803263081101962
813163.0,0.05135564249864884
813171.0,0.11253633274545508
813182.0,0.08840978486428291
813200.0,0.11231244488892347
813208.0,0.07565961228008504
813260.0,0.09567108160245606
813296.0,0.13072471307501554
813297.0,0.13030347627587205
813304.0,0.07944510318609538
813340.0,0.07944510318609538
813345.0,0.09419382058736601
813348.0,0.09567108160245606
813409.0,0.09840141254174069
813435.0,0.08840978486428291
813447.0,0.08840978486428291
813469.0,0.0776918250780944
813481.0,0.07944510318609538
813515.0,0.07944510318609538
813588.0,0.09840141254174069
813608.0,0.11253633274545508
813628.0,0.08840978486428291
813682.0,0.08840978486428291
813685.0,0.09567108160245606
813695.0,0.05235405265842849
813708.0,0.11253633274545508
813717.0,0.05235405265842849
813718.0,0.09567108160245606
813729.0,0.057945814219853696
813738.0,0.08840978486428291
813741.0,0.11253633274545508
813799.0,0.07944510318609538
813836.0,0.07944510318609538
813852.0,0.11124102598791957
813887.0,0.10833826689917397
813891.0,0.07944510318609538
813895.0,0.10844836101682105
813896.0,0.07944510318609538
813926.0,0.09408372646971896
813934.0,0.09567108160245606
813943.0,0.07944510318609538
813962.0,0.08840978486428291
813995.0,0.07519967543797977
814016.0,0.07944510318609538
814029.0,0.09567108160245606
814045.0,0.08840978486428291
814047.0,0.07944510318609538
814078.0,0.07944510318609538
814090.0,0.08840978486428291
814110.0,0.09567108160245606
814114.0,0.057945814219853696
814129.0,0.07944510318609538
814145.0,0.057945814219853696
814166.0,0.07944510318609538
814203.0,0.09567108160245606
814204.0,0.12962943639517366
814207.0,0.09567108160245606
814261.0,0.0776918250780944
814269.0,0.0776918250780944
814275.0,0.057945814219853696
814300.0,0.0776918250780944
814304.0,0.09567108160245606
814373.0,0.0776918250780944
814387.0,0.08840978486428291
814390.0,0.08840978486428291
814396.0,0.09567108160245606
814404.0,0.0776918250780944
814413.0,0.05135564249864884
814423.0,0.05235405265842849
814432.0,0.05235405265842849
814461.0,0.08840978486428291
814473.0,0.08840978486428291
814483.0,0.057945814219853696
814485.0,0.08840978486428291
814507.0,0.08840978486428291
814511.0,0.0776918250780944
814519.0,0.08840978486428291
814528.0,0.08840978486428291
814563.0,0.08840978486428291
814564.0,0.08840978486428291
814565.0,0.08840978486428291
814579.0,0.057945814219853696
814606.0,0.0776918250780944
814614.0,0.057945814219853696
814618.0,0.0776918250780944
814626.0,0.05235405265842849
814651.0,0.05235405265842849
814664.0,0.08840978486428291
814680.0,0.09567108160245606
814758.0,0.08840978486428291
814794.0,0.12656604182282988
814841.0,0.08840978486428291
814938.0,0.08840978486428291
814960.0,0.057945814219853696
815003.0,0.08840978486428291
815030.0,0.09794147569963543
815042.0,0.09567108160245606
815053.0,0.08840978486428291
815079.0,0.08840978486428291
815093.0,0.11891959803875968
815095.0,0.08840978486428291
815114.0,0.0776918250780944
815122.0,0.0776918250780944
815132.0,0.07938382033773672
815143.0,0.057945814219853696
815215.0,0.05235405265842849
815216.0,0.0776918250780944
815232.0,0.08840978486428291
815252.0,0.0776918250780944
815290.0,0.057945814219853696
815291.0,0.0776918250780944
815296.0,0.08840978486428291
815327.0,0.05235405265842849
815337.0,0.08840978486428291
815339.0,0.07519967543797977
815352.0,0.0776918250780944
815359.0,0.0776918250780944
815370.0,0.08840978486428291
815371.0,0.0776918250780944
815400.0,0.08840978486428291
815421.0,0.12656604182282988
815437.0,0.08840978486428291
815444.0,0.08840978486428291
815448.0,0.05235405265842849
815484.0,0.08840978486428291
815486.0,0.0776918250780944
815511.0,0.057945814219853696
815531.0,0.057945814219853696
815546.0,0.05235405265842849
815554.0,0.08840978486428291
815566.0,0.06098680843413089
815586.0,0.06098680843413089
815590.0,0.05235405265842849
815612.0,0.08840978486428291
815648.0,0.057945814219853696
815661.0,0.057945814219853696
815668.0,0.024440201495300382
815696.0,0.08840978486428291
815719.0,0.05135564249864884
815732.0,0.06098680843413089
815741.0,0.08840978486428291
815750.0,0.057945814219853696
815751.0,0.05135564249864884
815757.0,0.06098680843413089
815772.0,0.08840978486428291
815798.0,0.057945814219853696
815801.0,0.08840978486428291
815811.0,0.057945814219853696
815815.0,0.08629435348966741
815850.0,0.08840978486428291
815853.0,0.057945814219853696
815860.0,0.057945814219853696
815876.0,0.057945814219853696
815880.0,0.057945814219853696
815918.0,0.057945814219853696
815934.0,0.057945814219853696
815947.0,0.06098680843413089
816020.0,0.05135564249864884
816021.0,0.02475397976022955
816030.0,0.057945814219853696
816067.0,0.057945814219853696
816079.0,0.05235405265842849
816087.0,0.057945814219853696
816123.0,0.06098680843413089
816166.0,0.08840978486428291
816191.0,0.08758712730496584
816213.0,0.06098680843413089
816253.0,0.05235405265842849
816268.0,0.05135564249864884
816284.0,0.05135564249864884
816309.0,0.08840978486428291
816342.0,0.09098482845666178
816373.0,0.057945814219853696
816396.0,0.05235405265842849
816399.0,0.08840978486428291
816406.0,0.05135564249864884
816411.0,0.09058922036494177
816432.0,0.08840978486428291
816435.0,0.05135564249864884
816438.0,0.08840978486428291
816442.0,0.057945814219853696
816453.0,0.06098680843413089
816456.0,0.08840978486428291
816502.0,0.02475397976022955
816536.0,0.06098680843413089
816570.0,0.06098680843413089
816578.0,0.06098680843413089
816582.0,0.05235405265842849
816606.0,0.057945814219853696
816609.0,0.057945814219853696
816625.0,0.05235405265842849
816631.0,0.06098680843413089
816653.0,0.06098680843413089
816676.0,0.08840978486428291
816704.0,0.05235405265842849
816722.0,0.05235405265842849
816743.0,0.06098680843413089
816744.0,0.08840978486428291
816748.0,0.057945814219853696
816754.0,0.08840978486428291
816755.0,0.05235405265842849
816758.0,0.08840978486428291
816775.0,0.10582257065167149
816808.0,0.06098680843413089
816825.0,0.06098680843413089
816867.0,0.06098680843413089
816884.0,0.05235405265842849
816896.0,0.06098680843413089
816906.0,0.06098680843413089
816913.0,0.08840978486428291
816932.0,0.05235405265842849
816954.0,0.05235405265842849
816983.0,0.05810303602768501
816987.0,0.05135564249864884
817011.0,0.05810303602768501
817034.0,0.05810303602768501
817039.0,0.05810303602768501
817053.0,0.05810303602768501
817103.0,0.08840978486428291
817115.0,0.05810303602768501
817116.0,0.05810303602768501
817184.0,0.057945814219853696
817185.0,0.057945814219853696
817218.0,0.05810303602768501
817278.0,0.057945814219853696
817288.0,0.08840978486428291
817294.0,0.08733653441959036
817297.0,0.057945814219853696
817320.0,0.05810303602768501
817387.0,0.057945814219853696
817405.0,0.05810303602768501
817406.0,0.05810303602768501
817420.0,0.05810303602768501
817423.0,0.057945814219853696
817452.0,0.02475397976022955
817475.0,0.05810303602768501
817566.0,0.02475397976022955
817622.0,0.05810303602768501
817644.0,0.05810303602768501
817648.0,0.05810303602768501
817698.0,0.05810303602768501
817704.0,0.05810303602768501
817764.0,0.05135564249864884
817804.0,0.08840978486428291
817817.0,0.05810303602768501
817820.0,0.057945814219853696
817832.0,0.08840978486428291
817833.0,0.05135564249864884
817844.0,0.057945814219853696
817875.0,0.05810303602768501
817884.0,0.05810303602768501
817893.0,0.057945814219853696
817943.0,0.05235405265842849
817972.0,0.05810303602768501
817998.0,0.057945814219853696
818009.0,0.05135564249864884
818034.0,0.057945814219853696
818048.0,0.05135564249864884
818049.0,0.08733653441959036
818087.0,0.057945814219853696
818094.0,0.05235405265842849
818101.0,0.05235405265842849
818117.0,0.05235405265842849
818129.0,0.05135564249864884
818131.0,0.05235405265842849
818166.0,0.05135564249864884
818215.0,0.05810303602768501
818216.0,0.05135564249864884
818245.0,0.05235405265842849
818329.0,0.05810303602768501
818352.0,0.05810303602768501
818358.0,0.05135564249864884
818366.0,0.05810303602768501
818476.0,0.05135564249864884
818479.0,0.02475397976022955
818511.0,0.05810303602768501
818515.0,0.08840978486428291
818525.0,0.05448071502839077
818534.0,0.05235405265842849
818550.0,0.07047624937641529
818559.0,0.05135564249864884
818565.0,0.05448071502839077
818584.0,0.08733653441959036
818596.0,0.05235405265842849
818609.0,0.05448071502839077
818648.0,0.05135564249864884
818649.0,0.05448071502839077
818675.0,0.05135564249864884
818684.0,0.05448071502839077
818687.0,0.05135564249864884
818693.0,0.05448071502839077
818698.0,0.05135564249864884
818700.0,0.05135564249864884
818727.0,0.02475397976022955
818728.0,0.05135564249864884
818759.0,0.05135564249864884
818773.0,0.057945814219853696
818787.0,0.057945814219853696
818835.0,0.05135564249864884
818861.0,0.05135564249864884
818890.0,0.05135564249864884
818913.0,0.05135564249864884
818925.0,0.09051900596429198
818954.0,0.07047624937641529
818960.0,0.05135564249864884
818972.0,0.05448071502839077
819002.0,0.05135564249864884
819057.0,0.05448071502839077
819072.0,0.09042045730635713
819087.0,0.05135564249864884
819090.0,0.057945814219853696
819091.0,0.057945814219853696
819092.0,0.05448071502839077
819101.0,0.05135564249864884
819105.0,0.057945814219853696
819114.0,0.05448071502839077
819148.0,0.05135564249864884
819163.0,0.05135564249864884
819183.0,0.05448071502839077
819200.0,0.05235405265842849
819206.0,0.05448071502839077
819211.0,0.05448071502839077
819245.0,0.05135564249864884
819253.0,0.05448071502839077
819282.0,0.02475397976022955
819285.0,0.0860437606042919
819318.0,0.05448071502839077
819369.0,0.05135564249864884
819370.0,0.05235405265842849
819393.0,0.057945814219853696
819401.0,0.05135564249864884
819407.0,0.05135564249864884
819439.0,0.057945814219853696
819466.0,0.07176902319171373
819529.0,0.05235405265842849
819530.0,0.02475397976022955
819533.0,0.05448071502839077
819549.0,0.0860437606042919
819559.0,0.057945814219853696
819593.0,0.05235405265842849
819597.0,0.05448071502839077
819623.0,0.0860437606042919
819693.0,0.08733653441959036
819701.0,0.07047624937641529
819710.0,0.057945814219853696
819714.0,0.08733653441959036
819734.0,0.05135564249864884
819745.0,0.024440201495300382
819776.0,0.05135564249864884
819777.0,0.05135564249864884
819782.0,0.05448071502839077
819785.0,0.057945814219853696
819801.0,0.05135564249864884
819832.0,0.05448071502839077
819836.0,0.057945814219853696
819846.0,0.057945814219853696
819862.0,0.05135564249864884
819874.0,0.05448071502839077
819904.0,0.05135564249864884
819928.0,0.02475397976022955
819935.0,0.05135564249864884
819960.0,0.057945814219853696
819965.0,0.08733653441959036
819979.0,0.05135564249864884
820043.0,0.05235405265842849
820045.0,0.05135564249864884
820064.0,0.024440201495300382
820065.0,0.05448071502839077
820072.0,0.05448071502839077
820112.0,0.07047624937641529
820127.0,0.05235405265842849
820150.0,0.05448071502839077
820164.0,0.05448071502839077
820167.0,0.024440201495300382
820240.0,0.057945814219853696
820241.0,0.05448071502839077
820267.0,0.0860437606042919
820309.0,0.05135564249864884
820323.0,0.016286226647837493
820375.0,0.016286226647837493
820381.0,0.05135564249864884
820391.0,0.07047624937641529
820406.0,0.016286226647837493
820419.0,0.05135564249864884
820427.0,0.024440201495300382
820439.0,0.016286226647837493
820477.0,0.016286226647837493
820489.0,0.016286226647837493
820545.0,0.05235405265842849
820562.0,0.05135564249864884
820570.0,0.07047624937641529
820571.0,0.024440201495300382
820587.0,0.016286226647837493
820590.0,0.024440201495300382
820599.0,0.016286226647837493
820603.0,0.016286226647837493
820614.0,0.05135564249864884
820632.0,0.016286226647837493
820643.0,0.016286226647837493
820648.0,0.024538750153235228
820668.0,0.016286226647837493
820670.0,0.05135564249864884
820694.0,0.016286226647837493
820705.0,0.02475397976022955
820735.0,0.05135564249864884
820763.0,0.05135564249864884
820768.0,0.024440201495300382
820777.0,0.0860437606042919
820785.0,0.02475397976022955
820790.0,0.05135564249864884
820801.0,0.016286226647837493
820834.0,0.016286226647837493
820841.0,0.016286226647837493
820849.0,0.0860437606042919
820857.0,0.05135564249864884
820888.0,0.016286226647837493
820918.0,0.05135564249864884
820924.0,0.05135564249864884
820957.0,0.05135564249864884
820964.0,0.016286226647837493
820989.0,0.016286226647837493
820995.0,0.016286226647837493
821003.0,0.05135564249864884
821004.0,0.016286226647837493
821025.0,0.05135564249864884
821041.0,0.024440201495300382
821067.0,0.07047624937641529
821075.0,0.024440201495300382
821106.0,0.05135564249864884
821145.0,0.02475397976022955
821158.0,0.05135564249864884
821168.0,0.05135564249864884
821202.0,0.016286226647837493
821264.0,0.02475397976022955
821285.0,0.05135564249864884
821308.0,0.016286226647837493
821313.0,0.016286226647837493
821351.0,0.05235405265842849
821368.0,0.05235405265842849
821480.0,0.05235405265842849
821483.0,0.016286226647837493
821498.0,0.05135564249864884
821507.0,0.05135564249864884
821544.0,0.016286226647837493
821550.0,0.024440201495300382
821552.0,0.016286226647837493
821561.0,0.016286226647837493
821562.0,0.016286226647837493
821565.0,0.016286226647837493
821579.0,0.024440201495300382
821580.0,0.016286226647837493
821582.0,0.016286226647837493
821593.0,0.05135564249864884
821625.0,0.07047624937641529
821642.0,0.07047624937641529
821653.0,0.05135564249864884
821693.0,0.05135564249864884
821755.0,0.024440201495300382
821770.0,0.05135564249864884
821772.0,0.05135564249864884
821775.0,0.05135564249864884
821813.0,0.05135564249864884
821815.0,0.05135564249864884
821818.0,0.05135564249864884
821842.0,0.016286226647837493
821854.0,0.05135564249864884
821864.0,0.05135564249864884
821883.0,0.05135564249864884
821886.0,0.02475397976022955
821898.0,0.05135564249864884
821907.0,0.05135564249864884
821909.0,0.07047624937641529
821911.0,0.05135564249864884
821915.0,0.024440201495300382
821936.0,0.016286226647837493
821967.0,0.016286226647837493
821970.0,0.05235405265842849
822029.0,0.02475397976022955
822030.0,0.05135564249864884
822045.0,0.05235405265842849
822098.0,0.05135564249864884
822099.0,0.05235405265842849
822122.0,0.05135564249864884
822130.0,0.05135564249864884
822133.0,0.024440201495300382
822136.0,0.05135564249864884
822169.0,0.016286226647837493
822224.0,0.016286226647837493
822237.0,0.05235405265842849
822238.0,0.016286226647837493
822240.0,0.016286226647837493
822250.0,0.016286226647837493
822258.0,0.05135564249864884
822347.0,0.024440201495300382
822395.0,0.016286226647837493
822409.0,0.024440201495300382
822492.0,0.024440201495300382
822519.0,0.016286226647837493
822520.0,0.05135564249864884
822525.0,0.016286226647837493
822536.0,0.05135564249864884
822563.0,0.024440201495300382
822567.0,0.024440201495300382
822573.0,0.016286226647837493
822642.0,0.016286226647837493
822706.0,0.05135564249864884
822723.0,0.05135564249864884
822827.0,0.016286226647837493
822842.0,0.024440201495300382
822847.0,0.024440201495300382
822850.0,0.024440201495300382
822883.0,0.016286226647837493
822901.0,0.016286226647837493
822912.0,0.016286226647837493
822953.0,0.024440201495300382
822962.0,0.024440201495300382
822966.0,0.05135564249864884
822978.0,0.05135564249864884
822995.0,0.05135564249864884
822997.0,0.024440201495300382
823001.0,0.024440201495300382
823018.0,0.016286226647837493
823026.0,0.024440201495300382
823029.0,0.024440201495300382
823035.0,0.024440201495300382
823055.0,0.016286226647837493
823056.0,0.024440201495300382
823087.0,0.024440201495300382
823096.0,0.016286226647837493
823110.0,0.016286226647837493
823144.0,0.016286226647837493
823163.0,0.016286226647837493
823164.0,0.016286226647837493
823195.0,0.016286226647837493
823238.0,0.016286226647837493
823240.0,0.016286226647837493
823257.0,0.016286226647837493
823263.0,0.016286226647837493
823300.0,0.02475397976022955
823311.0,0.016286226647837493
823355.0,0.016286226647837493
823380.0,0.016286226647837493
823397.0,0.024440201495300382
823406.0,0.016286226647837493
823414.0,0.016286226647837493
823435.0,0.016286226647837493
823439.0,0.016286226647837493
823448.0,0.016286226647837493
823454.0,0.016286226647837493
823486.0,0.016286226647837493
823503.0,0.016286226647837493
823541.0,0.016286226647837493
823559.0,0.016286226647837493
823571.0,0.05135564249864884
823591.0,0.016286226647837493
823595.0,0.016286226647837493
823616.0,0.024440201495300382
823618.0,0.016286226647837493
823624.0,0.024440201495300382
823625.0,0.016286226647837493
823630.0,0.024440201495300382
823642.0,0.024440201495300382
823666.0,0.016286226647837493
823704.0,0.016286226647837493
823707.0,0.016286226647837493
823723.0,0.05135564249864884
823738.0,0.016286226647837493
823739.0,0.024440201495300382
823761.0,0.016286226647837493
823767.0,0.016286226647837493
823796.0,0.016286226647837493
823826.0,0.024440201495300382
823858.0,0.016286226647837493
823878.0,0.05135564249864884
823888.0,0.024440201495300382
823889.0,0.024440201495300382
823920.0,0.016286226647837493
823935.0,0.016286226647837493
823942.0,0.016286226647837493
823965.0,0.016286226647837493
823986.0,0.024440201495300382
824019.0,0.016286226647837493
824042.0,0.024440201495300382
824061.0,0.024440201495300382
824078.0,0.016286226647837493
824091.0,0.05135564249864884
824135.0,0.016286226647837493
824152.0,0.016286226647837493
824181.0,0.016286226647837493
824187.0,0.016286226647837493
824203.0,0.05235405265842849
824226.0,0.016286226647837493
824238.0,0.024440201495300382
824294.0,0.016286226647837493
824298.0,0.016286226647837493
824322.0,0.024440201495300382
824350.0,0.05135564249864884
824353.0,0.024440201495300382
824383.0,0.02475397976022955
824391.0,0.05135564249864884
824394.0,0.024440201495300382
824395.0,0.05235405265842849
824397.0,0.024440201495300382
824442.0,0.024440201495300382
824448.0,0.016286226647837493
824453.0,0.016286226647837493
824479.0,0.016286226647837493
824490.0,0.024440201495300382
824521.0,0.05135564249864884
824543.0,0.05135564249864884
824570.0,0.05135564249864884
824576.0,0.016286226647837493
824616.0,0.05135564249864884
824625.0,0.024440201495300382
824651.0,0.016286226647837493
824667.0,0.024440201495300382
824687.0,0.016286226647837493
824691.0,0.016286226647837493
824703.0,0.024440201495300382
824715.0,0.024440201495300382
824750.0,0.024440201495300382
824790.0,0.024440201495300382
824794.0,0.024440201495300382
824836.0,0.016286226647837493
824839.0,0.016286226647837493
824852.0,0.024440201495300382
824857.0,0.016286226647837493
824869.0,0.016286226647837493
824886.0,0.024440201495300382
824945.0,0.024440201495300382
824984.0,0.024440201495300382
825076.0,0.016286226647837493
825119.0,0.016286226647837493
825124.0,0.024440201495300382
825141.0,0.024440201495300382
825155.0,0.016286226647837493
825171.0,0.016286226647837493
825206.0,0.024440201495300382
825231.0,0.024440201495300382
825252.0,0.024440201495300382
825269.0,0.016286226647837493
825271.0,0.024440201495300382
825290.0,0.024440201495300382
825308.0,0.016286226647837493
825319.0,0.024440201495300382
825347.0,0.024440201495300382
825349.0,0.024440201495300382
825403.0,0.016286226647837493
825433.0,0.024440201495300382
825451.0,0.024440201495300382
825453.0,0.024440201495300382
825474.0,0.016286226647837493
825490.0,0.016286226647837493
825495.0,0.016286226647837493
825501.0,0.016286226647837493
825526.0,0.016286226647837493
825529.0,0.016286226647837493
825545.0,0.016286226647837493
825570.0,0.016286226647837493
825571.0,0.016286226647837493
825583.0,0.016286226647837493
825605.0,0.016286226647837493
825606.0,0.016286226647837493
825638.0,0.016286226647837493
825710.0,0.024440201495300382
825735.0,0.016286226647837493
825736.0,0.016286226647837493
825750.0,0.016286226647837493
825751.0,0.024440201495300382
825758.0,0.016286226647837493
825778.0,0.016286226647837493
825816.0,0.024440201495300382
825822.0,0.016286226647837493
825836.0,0.016286226647837493
825840.0,0.016286226647837493
825841.0,0.016286226647837493
825856.0,0.016286226647837493
825885.0,0.016286226647837493
825886.0,0.016286226647837493
825898.0,0.016286226647837493
825900.0,0.016286226647837493
825903.0,0.024440201495300382
825914.0,0.016286226647837493
825947.0,0.016286226647837493
825975.0,0.016286226647837493
825992.0,0.016286226647837493
826031.0,0.016286226647837493
826038.0,0.016286226647837493
826043.0,0.016286226647837493
826047.0,0.016286226647837493
826101.0,0.016286226647837493
826126.0,0.016286226647837493
826149.0,0.016286226647837493
826179.0,0.016286226647837493
826182.0,0.024440201495300382
826183.0,0.016286226647837493
826194.0,0.016286226647837493
826217.0,0.016286226647837493
826262.0,0.016286226647837493
826266.0,0.024440201495300382
826274.0,0.016286226647837493
826279.0,0.024440201495300382
826289.0,0.02422497188830607
826295.0,0.016286226647837493
826299.0,0.016286226647837493
826309.0,0.024440201495300382
826376.0,0.016286226647837493
826382.0,0.024440201495300382
826389.0,0.016286226647837493
826400.0,0.016286226647837493
826403.0,0.024440201495300382
826480.0,0.016286226647837493
826495.0,0.024440201495300382
826499.0,0.016286226647837493
826524.0,0.024440201495300382
826547.0,0.016286226647837493
826548.0,0.02475397976022955
826575.0,0.016286226647837493
826589.0,0.024440201495300382
826670.0,0.016286226647837493
826720.0,0.016286226647837493
826728.0,0.016286226647837493
826780.0,0.016286226647837493
826797.0,0.016286226647837493
826812.0,0.016286226647837493
826842.0,0.016286226647837493
826844.0,0.016286226647837493
826893.0,0.016286226647837493
826951.0,0.024440201495300382
826959.0,0.016286226647837493
826989.0,0.016286226647837493
826990.0,0.024440201495300382
827030.0,0.016286226647837493
827033.0,0.016286226647837493
827069.0,0.016286226647837493
827106.0,0.024440201495300382
827138.0,0.016286226647837493
827142.0,0.016286226647837493
827145.0,0.016286226647837493
827158.0,0.016286226647837493
827172.0,0.024440201495300382
827175.0,0.016286226647837493
827187.0,0.016286226647837493
827191.0,0.016286226647837493
827233.0,0.024440201495300382
827250.0,0.016286226647837493
827308.0,0.016286226647837493
827400.0,0.024440201495300382
827412.0,0.024440201495300382
827468.0,0.016286226647837493
827477.0,0.02422497188830607
827491.0,0.016286226647837493
827506.0,0.016286226647837493
827510.0,0.024440201495300382
827512.0,0.016286226647837493
827515.0,0.016286226647837493
827586.0,0.016286226647837493
827592.0,0.016286226647837493
827627.0,0.016286226647837493
827632.0,0.016286226647837493
827649.0,0.016286226647837493
827651.0,0.024440201495300382
827773.0,0.016286226647837493
827793.0,0.016286226647837493
827797.0,0.016286226647837493
827814.0,0.016286226647837493
827839.0,0.016286226647837493
827858.0,0.016286226647837493
827869.0,0.016286226647837493
827885.0,0.016286226647837493
827888.0,0.016286226647837493
827892.0,0.016286226647837493
827931.0,0.024440201495300382
827955.0,0.024440201495300382
827975.0,0.016286226647837493
828042.0,0.024440201495300382
828048.0,0.016286226647837493
828052.0,0.016286226647837493
828105.0,0.016286226647837493
828128.0,0.016286226647837493
828136.0,0.02422497188830607
828139.0,0.016286226647837493
828152.0,0.024440201495300382
828169.0,0.016286226647837493
828263.0,0.024440201495300382
828271.0,0.016286226647837493
828282.0,0.024440201495300382
828285.0,0.016286226647837493
828342.0,0.016286226647837493
828359.0,0.016286226647837493
828365.0,0.016286226647837493
828445.0,0.016286226647837493
828487.0,0.016286226647837493
828498.0,0.024440201495300382
828520.0,0.016286226647837493
828540.0,0.024440201495300382
828571.0,0.016286226647837493
828572.0,0.016286226647837493
828579.0,0.016286226647837493
828607.0,0.016286226647837493
828669.0,0.024440201495300382
828671.0,0.016286226647837493
828690.0,0.016286226647837493
828692.0,0.016286226647837493
828708.0,0.016286226647837493
828734.0,0.016286226647837493
828744.0,0.016286226647837493
828817.0,0.016286226647837493
828831.0,0.016286226647837493
828913.0,0.016286226647837493
828934.0,0.016286226647837493
828961.0,0.016286226647837493
828976.0,0.024440201495300382
829004.0,0.016286226647837493
829019.0,0.016286226647837493
829024.0,0.016286226647837493
829071.0,0.016286226647837493
829075.0,0.016286226647837493
829080.0,0.016286226647837493
829081.0,0.016286226647837493
829107.0,0.024440201495300382
829115.0,0.016286226647837493
829116.0,0.024440201495300382
829128.0,0.016286226647837493
829129.0,0.016286226647837493
829151.0,0.016286226647837493
829171.0,0.016286226647837493
829178.0,0.016286226647837493
829182.0,0.024440201495300382
829187.0,0.016286226647837493
829213.0,0.016286226647837493
829218.0,0.016286226647837493
829221.0,0.016286226647837493
829228.0,0.016286226647837493
829279.0,0.016286226647837493
829294.0,0.016286226647837493
829317.0,0.016286226647837493
829358.0,0.024440201495300382
829406.0,0.024440201495300382
829433.0,0.024440201495300382
829438.0,0.024440201495300382
829443.0,0.024440201495300382
829490.0,0.016286226647837493
829520.0,0.016286226647837493
829523.0,0.016286226647837493
829527.0,0.016286226647837493
829549.0,0.016286226647837493
829581.0,0.016286226647837493
829585.0,0.016286226647837493
829623.0,0.016286226647837493
829651.0,0.024440201495300382
829655.0,0.016286226647837493
829668.0,0.016286226647837493
829671.0,0.024440201495300382
829672.0,0.016286226647837493
829692.0,0.016286226647837493
829695.0,0.016286226647837493
829714.0,0.016286226647837493
829716.0,0.016286226647837493
829724.0,0.016286226647837493
829749.0,0.016286226647837493
829757.0,0.016286226647837493
829790.0,0.016286226647837493
829817.0,0.016286226647837493
829846.0,0.016286226647837493
829887.0,0.016286226647837493
829963.0,0.016286226647837493
829992.0,0.016286226647837493
830026.0,0.016286226647837493
830031.0,0.016286226647837493
830044.0,0.016286226647837493
830074.0,0.016286226647837493
830101.0,0.016286226647837493
830107.0,0.016286226647837493
830116.0,0.016286226647837493
830151.0,0.016286226647837493
830161.0,0.024440201495300382
830182.0,0.016286226647837493
830183.0,0.016286226647837493
830212.0,0.016286226647837493
830213.0,0.013743789764968184
830229.0,0.016286226647837493
830249.0,0.016286226647837493
830262.0,0.024440201495300382
830265.0,0.024440201495300382
830270.0,0.024440201495300382
830273.0,0.024440201495300382
830279.0,0.024440201495300382
830281.0,0.024440201495300382
830287.0,0.024440201495300382
830328.0,0.02422497188830607
830341.0,0.024440201495300382
830351.0,0.016286226647837493
830357.0,0.016286226647837493
830377.0,0.016286226647837493
830379.0,0.024440201495300382
830396.0,0.024440201495300382
830400.0,0.024440201495300382
830418.0,0.013743789764968184
830423.0,0.024440201495300382
830425.0,0.016286226647837493
830441.0,0.016286226647837493
830455.0,0.024440201495300382
830456.0,0.016286226647837493
830467.0,0.016286226647837493
830493.0,0.024440201495300382
830517.0,0.024440201495300382
830520.0,0.024440201495300382
830525.0,0.013743789764968184
830546.0,0.024440201495300382
830553.0,0.016286226647837493
830585.0,0.024440201495300382
830586.0,0.016286226647837493
830603.0,0.016286226647837493
830604.0,0.016286226647837493
830606.0,0.016286226647837493
830617.0,0.024440201495300382
830634.0,0.016286226647837493
830661.0,0.016286226647837493
830664.0,0.016286226647837493
830699.0,0.024440201495300382
830706.0,0.016286226647837493
830712.0,0.024440201495300382
830721.0,0.016286226647837493
830753.0,0.013743789764968184
830766.0,0.016286226647837493
830777.0,0.016286226647837493
830782.0,0.024440201495300382
830841.0,0.024440201495300382
830867.0,0.016286226647837493
830892.0,0.016286226647837493
830896.0,0.024440201495300382
830937.0,0.024440201495300382
831010.0,0.016286226647837493
831023.0,0.016286226647837493
831082.0,0.016286226647837493
831106.0,0.016286226647837493
831141.0,0.016286226647837493
831162.0,0.016286226647837493
887863.0,0.4173476430069879
888038.0,0.38093778325044886
891271.0,0.09567108160245606
995304.0,0.057945814219853696
